"","mean","se_mean","sd","2.5%","25%","50%","75%","97.5%","n_eff","Rhat"
"b_Hmax_Intercept",171.439954907169,0.0399555481708299,2.04756648206283,167.440688536261,170.060596672646,171.408308747655,172.824277782415,175.52051929219,2626.16395786813,1.00233738509616
"b_k_Intercept",4.20810119869248,0.00293569522857897,0.146610485073605,3.93064712407119,4.10816916298852,4.20338085087106,4.30550390075969,4.50964035523072,2494.06706475532,1.00146085903759
"b_I_Intercept",150.955305178062,0.0203348490950478,0.963806607882124,149.08008955915,150.312084047542,150.945339102338,151.58714863976,152.893321312243,2246.4558684561,1.00473264327363
"b_Hmin_Intercept",18.4289298728727,0.00911841447933045,0.911841447933045,16.5946641698005,17.8211580651149,18.4428947243617,19.0367320235729,20.2002945160227,10000,1.00014978449597
"sd_ID__Hmax_Intercept",23.2583066868495,0.028699867499719,1.60241909782796,20.3353630365901,22.1526547127119,23.1742975728436,24.2813044305762,26.6498883381998,3117.39935468452,1.00046326619717
"sd_ID__k_Intercept",0.713591757427519,0.00891384844975652,0.228119631949714,0.141344298458057,0.591775775068296,0.742355392471459,0.868141981577313,1.08782419754052,654.929921443274,1.00458237832412
"sd_ID__I_Intercept",10.7726075207846,0.0152052368736187,0.744732525790447,9.38011395135417,10.2729940119474,10.7371489514084,11.2485411101462,12.3092669486322,2398.91170420251,1.00148240282143
"sigma",11.0375146364311,0.0150145607285149,0.492018426905914,10.1055180311158,10.6979065465266,11.0274441610322,11.3635621060877,12.0376993137339,1073.8348010482,1.00313684109565
"r_ID__Hmax[ID_1,Intercept]",40.2330611100154,0.0974689466842266,9.74689466842266,21.7151874722889,33.5026809643272,40.1534925055426,46.7701616274914,59.9527995746172,10000,1.00027055656704
"r_ID__Hmax[ID_10,Intercept]",20.4840506464435,0.100670516578341,10.0670516578341,1.64873678265736,13.6589871687615,20.2068166446318,27.0319756768715,41.2352412144011,10000,1.0000920225433
"r_ID__Hmax[ID_100,Intercept]",-7.63129800713357,0.0887854266601586,8.87854266601586,-24.5207662217004,-13.6992329225681,-7.94561410731473,-1.84264099079561,10.4624717899822,10000,0.999805049612258
"r_ID__Hmax[ID_101,Intercept]",-4.82021585498562,0.0826552783060799,8.26552783060799,-20.6060434816642,-10.4983096888259,-4.91020915146016,0.635421892394556,11.6961702576666,10000,1.00040768793903
"r_ID__Hmax[ID_102,Intercept]",-18.2935643528456,0.0988777697213551,9.88777697213551,-36.6413206836908,-24.9922002426633,-18.7648123829666,-11.8856486797479,2.41922630988572,10000,0.99984324258169
"r_ID__Hmax[ID_103,Intercept]",-17.4329686732002,0.1089940272376,9.38845559944465,-34.6294040404604,-23.9654933514267,-17.9108967149543,-11.332105566268,1.84546352351543,7419.64136963602,0.999872759458148
"r_ID__Hmax[ID_104,Intercept]",14.9330984642606,0.10078633767007,10.078633767007,-3.71752471537628,8.13257757169667,14.5387933932254,21.3943035501749,36.0193333857054,10000,1.00062248611237
"r_ID__Hmax[ID_105,Intercept]",20.5052434463064,0.103370005365026,10.3370005365026,1.08225575951668,13.4893997112888,20.2708383006378,27.2531707521705,41.6276184636697,10000,1.00063221122687
"r_ID__Hmax[ID_106,Intercept]",-5.4799350129448,0.0973939791441787,9.73939791441788,-24.082961474726,-12.0501175438065,-5.69861969096761,0.789475993833609,14.3063072882329,10000,1.00002906828634
"r_ID__Hmax[ID_107,Intercept]",36.9716920777968,0.109237373721751,10.9237373721751,15.7304799408421,29.4832456776344,36.7151432332284,44.2395696873541,59.1214038538953,10000,1.00032672342581
"r_ID__Hmax[ID_109,Intercept]",5.42358729582649,0.136984666946471,11.3778480544564,-15.4076811816403,-2.51520613577917,4.9098023094045,12.747730552118,29.3199366803723,6898.84429345969,1.00027152915145
"r_ID__Hmax[ID_111,Intercept]",0.686126018413966,0.0986379080906609,9.86379080906609,-17.7576876208423,-6.21154380253071,0.457227611046357,7.16084205226049,20.7311048297257,10000,1.00016386791135
"r_ID__Hmax[ID_112,Intercept]",4.20747269388693,0.11405907202307,9.72263973049762,-13.7645795690802,-2.47707619965295,3.93807663162941,10.4637495356357,24.275129164749,7266.22294720798,1.00006962246329
"r_ID__Hmax[ID_113,Intercept]",34.0626915182774,0.100067607817762,10.0067607817762,14.6440617343657,27.3198917416852,33.8332018354242,40.6050676124508,54.4025014204807,10000,0.999891138087097
"r_ID__Hmax[ID_114,Intercept]",18.5024562626754,0.13440751888477,10.8553033318187,-1.90941271342007,11.1568393065882,18.0516790887385,25.3554844256696,40.9148520808514,6522.84109368199,1.00044967008939
"r_ID__Hmax[ID_116,Intercept]",-7.2907219999917,0.0943370020295985,9.43370020295985,-24.8903816042099,-13.7094708800032,-7.59206917053191,-1.10915396647458,12.1691750439047,10000,1.00078304373333
"r_ID__Hmax[ID_117,Intercept]",-9.67291806334103,0.122485626184092,12.2485626184092,-32.9877202743725,-18.2082777515553,-9.92895839788529,-1.60919299954976,15.414479989376,10000,1.00017995881715
"r_ID__Hmax[ID_118,Intercept]",-1.30076280448488,0.108667161875898,10.8667161875898,-21.5313748059617,-8.75264577075214,-1.85661526792786,5.52873073606271,21.5835089627017,10000,1.0014913958552
"r_ID__Hmax[ID_119,Intercept]",-33.3945694721787,0.112674900382073,11.2674900382073,-54.5178798828774,-41.0245985226298,-33.6049813422631,-26.1471203273787,-10.2206467917348,10000,0.999961640909866
"r_ID__Hmax[ID_12,Intercept]",13.2153567282972,0.0978412437977934,9.78412437977934,-5.4295034418154,6.47069547847609,13.0533697257325,19.7415395282462,33.0767705383319,10000,1.00018390490215
"r_ID__Hmax[ID_120,Intercept]",25.5541974019255,0.0930392237099028,9.30392237099028,7.67669310233906,19.1814422223523,25.4140918237186,31.63072237669,44.3892285304604,10000,1.0000913596653
"r_ID__Hmax[ID_121,Intercept]",-34.7990333024925,0.100482751127864,10.0482751127864,-54.1199434443271,-41.6249157060235,-35.0145022269104,-28.2147116610816,-14.5108625901609,10000,0.999720988237317
"r_ID__Hmax[ID_122,Intercept]",16.2246880734805,0.105681345919802,10.5681345919802,-3.53611335059201,9.01681075137769,15.9407330326707,23.1621246698933,37.3588940651075,10000,1.00022610729203
"r_ID__Hmax[ID_123,Intercept]",-1.98085517437527,0.0963215475180962,9.63215475180962,-20.0698607803796,-8.61404128418781,-2.33669442907216,4.25651885944013,17.8858369704534,10000,0.999976375178596
"r_ID__Hmax[ID_124,Intercept]",-17.4628339887689,0.103713506307523,10.3713506307523,-37.0423428234309,-24.614090728169,-17.7800735197416,-10.7586803717129,3.65920864645164,10000,1.00042078105581
"r_ID__Hmax[ID_125,Intercept]",-43.7731683824772,0.108477929321317,10.8477929321317,-64.0776181373873,-51.1672349999077,-44.1931200742137,-36.8883197946607,-21.5385347383883,10000,1.00021409141388
"r_ID__Hmax[ID_126,Intercept]",-26.2159841704427,0.128164739689688,10.5873806397082,-45.6767638947599,-33.4405311691894,-26.5722475099631,-19.3587002354315,-3.94410754703887,6824.01440381426,1.00034715360907
"r_ID__Hmax[ID_127,Intercept]",16.9800859758294,0.101778998237907,10.1778998237907,-2.32609337793424,9.9745488896215,16.673718529297,23.7447113879186,38.2200008393121,10000,1.00003188994573
"r_ID__Hmax[ID_128,Intercept]",-5.93653081813866,0.105710666088485,10.5710666088485,-26.4211443607604,-13.071225419116,-5.93177219551706,0.965421951498499,15.40807173346,10000,0.999794451214049
"r_ID__Hmax[ID_129,Intercept]",-40.7516703635266,0.112368710265736,11.2368710265736,-62.9804146844318,-48.3376645884214,-41.0355150114614,-33.3416446268855,-17.9082637916907,10000,1.00117879924558
"r_ID__Hmax[ID_13,Intercept]",-5.07881848327874,0.0860103737261875,8.60103737261875,-21.5108866709723,-11.0610713588582,-5.1980248871755,0.606556008791524,12.3194630602802,10000,1.00025205265914
"r_ID__Hmax[ID_130,Intercept]",-4.13159591221328,0.0906423869226482,9.06423869226482,-20.7290229313123,-10.3900754852117,-4.42281264733776,1.65302392287909,14.7324558783835,10000,0.99996642859505
"r_ID__Hmax[ID_132,Intercept]",-11.9759964664163,0.103111049944729,10.3111049944729,-30.9184860146111,-19.141271232216,-12.2191374951846,-5.23203036257781,9.11349719398412,10000,1.00012051943772
"r_ID__Hmax[ID_133,Intercept]",33.3028383417132,0.143795775935505,11.3365778384088,11.9109930538763,25.4027739280532,33.0485986748682,40.7648173733805,56.3482230251924,6215.43732231129,1.00034789755408
"r_ID__Hmax[ID_134,Intercept]",-29.8652821119117,0.0883712830786192,8.83712830786192,-46.7728751477932,-35.839790005717,-29.9771665557691,-23.9576490989453,-12.0402968855741,10000,0.999772476894855
"r_ID__Hmax[ID_135,Intercept]",18.9144076165608,0.113529359055834,11.3529359055834,-2.98585551712587,11.3019839396071,18.7134679078179,26.1282536874013,42.2403647204308,10000,0.999907045778128
"r_ID__Hmax[ID_136,Intercept]",25.6724299256015,0.0929358511236422,9.29358511236422,7.56664491802309,19.390942894803,25.5064798705631,31.750899737803,44.3323465902197,10000,0.999975350009361
"r_ID__Hmax[ID_137,Intercept]",2.12762632096017,0.341080024077726,15.654462336538,-23.0170315836049,-9.22540956768626,0.218941499169304,11.6075552201294,38.1257990757364,2106.51105272765,1.00042990104306
"r_ID__Hmax[ID_138,Intercept]",3.56332322487989,0.0905114321266704,9.05114321266704,-13.7276510796566,-2.56534580575212,3.35060174167006,9.53649884598291,22.0802205848596,10000,0.999824589528058
"r_ID__Hmax[ID_139,Intercept]",-15.4360978684638,0.103683504604347,10.3683504604347,-34.7152037929884,-22.4949007586994,-15.8786754180254,-8.80082765328676,6.21795285066799,10000,1.00043202148753
"r_ID__Hmax[ID_14,Intercept]",13.0096905993705,0.0970121719714873,9.70121719714873,-5.36483625824507,6.33808359119722,12.9212516259388,19.5550241688769,32.3508377055946,10000,0.999923189896808
"r_ID__Hmax[ID_142,Intercept]",-20.5618726154089,0.0926876090367398,9.26876090367398,-37.9541952460939,-26.9114794915814,-20.8155973592505,-14.4127250269934,-1.57174703851285,10000,1.00002777148066
"r_ID__Hmax[ID_143,Intercept]",7.31988962285911,0.0817958545579337,8.17958545579337,-7.92991747621281,1.55686991638084,7.12254378345077,12.7857145815142,23.6930873260306,10000,1.00028648229601
"r_ID__Hmax[ID_144,Intercept]",-3.41083228755833,0.0819547693464777,8.19547693464777,-18.9717741912008,-8.94452964583828,-3.65622353270218,1.85261196486435,13.2787700115815,10000,1.00016496942801
"r_ID__Hmax[ID_147,Intercept]",-7.88773832009979,0.0878437740423456,8.78437740423456,-24.3698469761134,-13.8905904246843,-8.16958226878072,-2.11291386306021,10.112797582799,10000,1.00013621775242
"r_ID__Hmax[ID_148,Intercept]",-8.41449760798575,0.0899679131458888,8.99679131458888,-25.2628245975769,-14.582848870789,-8.75649514244049,-2.50420928638637,10.1965019463359,10000,1.00036525525649
"r_ID__Hmax[ID_15,Intercept]",25.1503430167928,0.106194298971946,10.6194298971946,4.33957828733112,18.0987759744364,25.0035369790088,32.3072116940985,46.3860594189618,10000,1.00008298159732
"r_ID__Hmax[ID_152,Intercept]",26.6050013044292,0.0964653479111473,9.64653479111473,8.05293562889792,19.9972222930739,26.4112552625185,32.925891228624,46.4512738561112,10000,1.00023739026832
"r_ID__Hmax[ID_153,Intercept]",19.7241520827651,0.0954597407512782,9.54597407512782,1.66035218547949,13.2070198849016,19.4490367685094,26.0384371694672,39.2762492870193,10000,0.999775209205465
"r_ID__Hmax[ID_154,Intercept]",-51.5446018486558,0.122451148385222,10.8696897062555,-70.9620012409869,-58.7729699470534,-52.1586412475312,-44.9186337254343,-28.323141279227,7879.6797734536,1.00024441906204
"r_ID__Hmax[ID_155,Intercept]",5.18382774097703,0.0950333822112051,9.50333822112051,-12.7631638961452,-1.22859785974716,4.85388721961039,11.3591710316525,24.5088455488702,10000,1.00000581125647
"r_ID__Hmax[ID_156,Intercept]",3.73780758351514,0.124994197936211,10.7922608736382,-16.0756213258098,-3.76052682888548,3.16628411984192,10.7822095934561,25.9767477771615,7454.95731508288,1.00015343558615
"r_ID__Hmax[ID_157,Intercept]",-14.1306767462801,0.135783076746007,11.1635148797382,-34.7505763616919,-21.6463585767732,-14.5627275004448,-7.08652613786838,9.23934269470504,6759.43849454182,1.00061394820906
"r_ID__Hmax[ID_158,Intercept]",17.6514409472126,0.0936959090350427,9.36959090350427,0.0622249830682659,11.2118124888563,17.3999770013801,23.9750243059474,36.2747901351151,10000,1.00013540507311
"r_ID__Hmax[ID_16,Intercept]",16.5785667982366,0.0970735065220546,9.70735065220546,-1.77640355826506,10.0111152468001,16.3054942947595,22.9397498158453,36.2932039199148,10000,1.00018849531738
"r_ID__Hmax[ID_160,Intercept]",25.1305869942064,0.0916841650391008,9.16841650391008,7.87107739426511,18.7375368522629,24.9073915548659,31.168203155491,44.2155619030553,10000,1.00050633706551
"r_ID__Hmax[ID_161,Intercept]",8.89396493264037,0.0947162553204291,9.47162553204291,-9.0460792371544,2.42876834829571,8.77892217756046,15.229348300701,27.8866610222382,10000,1.00038907411158
"r_ID__Hmax[ID_163,Intercept]",-0.366356380633949,0.0935846775455007,9.35846775455007,-18.2213109936169,-6.79339426055237,-0.596505976071828,5.8971360121685,18.482120215378,10000,0.999652852184721
"r_ID__Hmax[ID_165,Intercept]",2.23446693221884,0.136912414636554,11.3622058675375,-18.7341239232992,-5.58332453773154,1.7742872794907,9.71763517137615,25.3645786615833,6887.15168057798,1.00040017707102
"r_ID__Hmax[ID_166,Intercept]",4.81019642710104,0.0821049562877075,8.21049562877075,-10.7323279813996,-0.875512736444005,4.58761735099602,10.2992269612218,21.4877174284083,10000,0.999694663995129
"r_ID__Hmax[ID_169,Intercept]",-20.4579212570974,0.109025805263967,9.86512089646388,-38.6639767941748,-27.3209547911531,-20.7628677773543,-14.1334029135606,0.0932155074518228,8187.403940714,1.00017668871208
"r_ID__Hmax[ID_17,Intercept]",12.5561336922842,0.0949913698819449,9.49913698819449,-5.49210754646525,6.05041260154239,12.2543351228069,18.7547449902194,31.7522471878209,10000,0.999771846659245
"r_ID__Hmax[ID_170,Intercept]",-3.8268989918804,0.100576406582925,10.0576406582925,-22.686058938674,-10.7591891612661,-4.10043096425982,2.63934169569174,16.8605673689874,10000,1.00042096917841
"r_ID__Hmax[ID_171,Intercept]",-2.9189103080099,0.0875185923889457,8.75185923889457,-19.4824665414185,-8.95109047010769,-3.08201139233626,2.9167115196975,14.7839691620659,10000,1.00010679404901
"r_ID__Hmax[ID_172,Intercept]",-9.47067732802315,0.0915433693494597,9.15433693494597,-26.5270608485856,-15.7405855095833,-9.64846099643153,-3.4859734661867,8.80690765406606,10000,1.00036186919017
"r_ID__Hmax[ID_174,Intercept]",-8.90254593355016,0.0886974054050813,8.86974054050813,-25.9036340083873,-14.8814226988524,-9.18443123315644,-2.99180834141209,9.04770582314198,10000,0.999970192993539
"r_ID__Hmax[ID_175,Intercept]",-13.2945210847109,0.0918896920065159,9.18896920065159,-30.810816354258,-19.5758941272632,-13.5281594639505,-7.2266398734516,5.13956722359388,10000,0.999799883481027
"r_ID__Hmax[ID_176,Intercept]",-12.9115996660039,0.0845911782612032,8.45911782612032,-29.1364438751011,-18.8072194752366,-13.060421932574,-7.24300518171205,4.16700760801324,10000,1.00025428071805
"r_ID__Hmax[ID_177,Intercept]",-10.5701456435813,0.102447450557572,10.2447450557572,-29.6857194894394,-17.5843971123923,-10.8054171450949,-3.94841429462759,10.2417948032394,10000,0.999945848693042
"r_ID__Hmax[ID_18,Intercept]",10.8173974622249,0.100839886551937,10.0839886551937,-8.60208060831407,3.93691269537219,10.6759614936052,17.4025142209876,31.0309170108615,10000,1.00024948388558
"r_ID__Hmax[ID_180,Intercept]",-31.2708741250244,0.0987984920783598,9.87984920783598,-50.4217655460518,-37.8543537869333,-31.4440199009212,-24.8085448607711,-11.1018365641475,10000,0.99992976657702
"r_ID__Hmax[ID_181,Intercept]",-41.1953297609364,0.222124676638429,12.7554096369429,-62.8864021183911,-50.026281991516,-42.4697254740881,-33.5743412302446,-12.7487163970351,3297.57896187751,1.00116357897402
"r_ID__Hmax[ID_186,Intercept]",-20.6677499370434,0.0917521152704974,9.17521152704974,-37.8665741024366,-26.9060359148456,-20.8870375720163,-14.9137142794478,-1.63542711088606,10000,1.00007650034227
"r_ID__Hmax[ID_189,Intercept]",4.95330871526035,0.0885002226593448,8.85002226593448,-11.887295251378,-1.01992789332237,4.78313657734128,10.7822703124209,23.1287733992829,10000,1.0000227860906
"r_ID__Hmax[ID_19,Intercept]",-9.96588930110045,0.0855339389481844,8.55339389481844,-26.2554798306672,-15.811223028033,-10.1375535191658,-4.41523038820067,7.35555068682113,10000,0.999742017443424
"r_ID__Hmax[ID_191,Intercept]",37.9506510103747,0.0939854941018556,9.39854941018556,19.9568087325282,31.494613277529,37.7819355040896,44.2318188943616,56.83137898659,10000,1.00048637911979
"r_ID__Hmax[ID_192,Intercept]",-88.2279175199976,0.143006979780732,12.056417614253,-110.097601997615,-96.5955432695512,-88.9191256935993,-80.6112988792744,-62.5931987033494,7107.58555713397,1.00028872740935
"r_ID__Hmax[ID_197,Intercept]",-17.0492024130455,0.119175425763672,10.1350621244648,-35.7873384076005,-23.924070794101,-17.3821445324917,-10.4697841815517,3.30098702958577,7232.3495143752,1.00002299738362
"r_ID__Hmax[ID_198,Intercept]",-24.7541579663237,0.103683586265622,10.3683586265622,-44.2874725928244,-31.8951567303042,-25.0494821773912,-17.9645952393753,-4.06939989994692,10000,1.00005476502043
"r_ID__Hmax[ID_199,Intercept]",4.86717440357272,0.0893564980967982,8.93564980967982,-12.0970484636694,-1.25745406574955,4.68901015455109,10.7216408431234,22.8713980444682,10000,1.00045204847949
"r_ID__Hmax[ID_2,Intercept]",33.0344970010156,0.0946947861148273,9.46947861148273,15.2829840969659,26.3825403551493,32.8523934550422,39.3746750153752,52.153836989672,10000,1.00001183808635
"r_ID__Hmax[ID_20,Intercept]",17.6325548269069,0.0947580353017023,9.47580353017023,-0.655802507391419,11.3325460391826,17.4852409931505,23.9616428277245,36.4690910137227,10000,1.0006323203009
"r_ID__Hmax[ID_201,Intercept]",1.70910347691598,0.130851761794964,10.6427227093067,-17.7130532678809,-5.66697590415296,1.21176398688285,8.4914866772146,23.9464694469729,6615.25127552919,1.00059069214421
"r_ID__Hmax[ID_202,Intercept]",-34.3580681388206,0.0916060332479119,9.16060332479119,-51.3360290139944,-40.6221903982341,-34.6686057297942,-28.4220376172885,-15.3982729265543,10000,1.00023607144911
"r_ID__Hmax[ID_207,Intercept]",-31.920622151008,0.11210438260644,11.210438260644,-53.4153362804773,-39.5868256352444,-32.2533769698615,-24.7199454895355,-8.69576111001052,10000,1.00065809810578
"r_ID__Hmax[ID_208,Intercept]",5.34269169653557,0.114208424540702,11.4208424540702,-15.8674117415401,-2.42291762388225,5.08322441264159,12.7516074655983,28.9259138365667,10000,1.00004635400149
"r_ID__Hmax[ID_21,Intercept]",7.53674661733128,0.0844077350768301,8.44077350768301,-8.34437316227588,1.75014518792418,7.32805475357498,13.1942741710423,24.5712346183931,10000,0.999686941343372
"r_ID__Hmax[ID_212,Intercept]",9.76093612262942,0.0872134373120658,8.72134373120658,-7.10723065851027,3.82187507904286,9.63100614668585,15.5536006380833,27.3659695157163,10000,1.00047161238299
"r_ID__Hmax[ID_214,Intercept]",-0.0683136978064409,0.0976341723078133,9.76341723078133,-18.6753130229332,-6.774162374565,-0.265765210092983,6.35343739126543,19.6497232684643,10000,1.00011357589321
"r_ID__Hmax[ID_217,Intercept]",-42.409199797221,0.128897302545862,10.6989124451811,-62.0574624801829,-49.6660980937149,-42.9815340559114,-35.545551387063,-20.2674442964027,6889.56194271563,1.00024854363022
"r_ID__Hmax[ID_223,Intercept]",-10.6703438458436,0.0915397698041622,9.15397698041622,-27.748110824373,-17.0983941262247,-10.8968806416767,-4.58332430065761,7.5525733198233,10000,0.999980157824164
"r_ID__Hmax[ID_224,Intercept]",-34.3397498580841,0.105426862413412,10.5426862413412,-54.201087960228,-41.6228168113855,-34.4579518862261,-27.5112330869866,-13.0719261521639,10000,0.999911476842533
"r_ID__Hmax[ID_227,Intercept]",-30.0303788522458,0.0990594183740189,9.90594183740189,-48.3236040066742,-36.9068999208396,-30.4208979288632,-23.535335151904,-9.706336781465,10000,1.00086348218274
"r_ID__Hmax[ID_23,Intercept]",-0.484515891371459,0.0953108394066889,9.53108394066889,-18.7227791344409,-6.91145663568322,-0.58910952347205,5.76640478809643,18.5450592595654,10000,1.00000022960813
"r_ID__Hmax[ID_231,Intercept]",-19.3157204623466,0.0850608060353364,8.50608060353365,-35.5779702220551,-25.1978999809463,-19.4095219713722,-13.5857963293276,-2.43205266098207,10000,1.00041378615803
"r_ID__Hmax[ID_234,Intercept]",-18.8093491179641,0.098325074748599,9.8325074748599,-37.5879376407879,-25.6057976512945,-19.0569968922961,-12.282669290856,0.850411979549247,10000,0.999759895304643
"r_ID__Hmax[ID_24,Intercept]",4.46649019568235,0.0927843443527924,9.27843443527924,-12.8699189641861,-1.93027567793882,4.12426996755941,10.5139269150807,23.3101447589015,10000,0.99990522814773
"r_ID__Hmax[ID_25,Intercept]",-9.67720559910968,0.088940548422217,8.8940548422217,-26.3778053339452,-15.7207566410647,-9.92836940196149,-3.83678335140324,8.32098180907642,10000,1.00028902697575
"r_ID__Hmax[ID_26,Intercept]",19.5053992188108,0.0916807185695673,9.16807185695673,2.35676985940737,13.1877709892484,19.3165289436953,25.6161009087088,37.8335184007433,10000,1.00006718275403
"r_ID__Hmax[ID_27,Intercept]",11.1735908638787,0.0899183369957587,8.99183369957587,-5.90935439212346,4.97178720214668,10.9399241220971,17.2204956370279,29.2289835139065,10000,0.999904132438102
"r_ID__Hmax[ID_28,Intercept]",35.4097008180155,0.107320986619155,10.7320986619155,15.0764428100709,28.1080628574554,35.1248043601128,42.393174745665,57.3997295106027,10000,0.999695399899712
"r_ID__Hmax[ID_29,Intercept]",19.684083249878,0.0976185851576332,9.76185851576332,1.20562610691009,13.0274446354,19.4338426767218,26.2123215251437,39.110206230591,10000,1.00020967618161
"r_ID__Hmax[ID_3,Intercept]",1.31418528699342,0.0864282041498755,8.64282041498755,-15.0537507121929,-4.61928115600921,1.12146575654742,7.13619885347959,18.5028264347557,10000,0.999922733428651
"r_ID__Hmax[ID_30,Intercept]",-3.3937336068221,0.0846383072272357,8.46383072272357,-19.3698030900967,-9.24984786990888,-3.53719755336435,2.18466794492952,13.5858939597281,10000,0.999784881878625
"r_ID__Hmax[ID_32,Intercept]",8.06543564286022,0.0948697550415395,9.48697550415396,-9.45335284457311,1.46840616941382,7.69826787319716,14.3934001578811,27.4822226267715,10000,0.999946470068837
"r_ID__Hmax[ID_34,Intercept]",3.29928549469876,0.0978222030516577,9.78222030516577,-15.1911965857554,-3.43909131504945,3.1073120154105,9.70621061435406,23.2242223075406,10000,1.00038705161449
"r_ID__Hmax[ID_35,Intercept]",2.2303620675638,0.0966002724506471,9.66002724506471,-15.9651616804507,-4.33094555263674,1.99871915692571,8.56194056417623,21.9772187672982,10000,0.999897722616382
"r_ID__Hmax[ID_36,Intercept]",15.6329032849229,0.0902293015710063,9.02293015710063,-1.62655722481483,9.48802385101061,15.4560100216158,21.723305168506,33.7406253018934,10000,1.00003246683852
"r_ID__Hmax[ID_37,Intercept]",14.0831655537729,0.0971779016854908,9.71779016854908,-4.28724920265967,7.55142485945581,13.7711156009068,20.3289816476231,33.8884447112623,10000,0.999818093001694
"r_ID__Hmax[ID_38,Intercept]",1.94578026176314,0.0872566899837661,8.72566899837661,-14.2884288578203,-4.08515047631035,1.64304122877896,7.69644005659109,19.5963825047942,10000,0.999929668759312
"r_ID__Hmax[ID_39,Intercept]",8.31029096433558,0.0945412792370735,9.45412792370735,-9.91871170177089,1.78553999868298,8.2244208779473,14.5738562846066,27.0926510903496,10000,1.00043165999649
"r_ID__Hmax[ID_4,Intercept]",5.57369298746359,0.129057763088202,10.2771927418888,-12.8945252105791,-1.55455489693884,4.95034137704855,12.1491515463251,27.3216140120752,6341.33557797049,1.00010833042859
"r_ID__Hmax[ID_40,Intercept]",4.83042949338469,0.102043301694685,10.2043301694685,-14.7539524839167,-2.21107932860574,4.59620195222305,11.6502901442394,25.0845398398576,10000,1.00047800082177
"r_ID__Hmax[ID_41,Intercept]",-0.624754806905466,0.090266247862497,9.0266247862497,-18.1676268411107,-6.73632111134702,-0.806797826205232,5.27282914590163,17.5515002344554,10000,0.999707846379094
"r_ID__Hmax[ID_42,Intercept]",27.072133373628,0.0951957292184212,9.51957292184212,9.01791333092957,20.5987927185518,26.7888165119202,33.3016954769966,46.2410982308819,10000,1.00005877738507
"r_ID__Hmax[ID_45,Intercept]",30.8340734853607,0.156346926814187,11.4092118873629,9.82085954658459,23.0107661473354,30.3779684237798,38.1926289042056,54.5789684126644,5325.15916857373,1.00062209629233
"r_ID__Hmax[ID_47,Intercept]",-7.48676857277583,0.115433096153687,11.5433096153687,-29.1445326035169,-15.3384814326208,-7.80385881734193,-0.0786681058080383,16.426132439734,10000,1.00020672233258
"r_ID__Hmax[ID_48,Intercept]",10.4349098392121,0.100248441790864,10.0248441790864,-8.85271931721075,3.61302652342412,10.3840465787881,17.0687752142408,30.6323077731508,10000,1.00004152609978
"r_ID__Hmax[ID_49,Intercept]",17.05454154297,0.101377754507741,10.1377754507741,-2.50836627060301,10.1637722304755,16.8480460556335,23.8458852083184,37.3686230122611,10000,1.00023233128003
"r_ID__Hmax[ID_50,Intercept]",4.11568258829877,0.098718239539208,9.8718239539208,-14.7463777141509,-2.73069389622839,4.05975569652248,10.7745168091179,23.8657824197552,10000,1.00003049444742
"r_ID__Hmax[ID_51,Intercept]",8.08128600495855,0.0867486095143314,8.67486095143314,-8.44207317244283,2.14833503560329,7.89121238899426,14.0173366422685,25.6962566118804,10000,1.00008977311635
"r_ID__Hmax[ID_52,Intercept]",7.89045821548661,0.0798732326803234,7.98732326803234,-7.05132732122352,2.38445791818185,7.70491190074998,13.2141547179737,24.1937682913665,10000,1.00014709744752
"r_ID__Hmax[ID_53,Intercept]",6.63098599678849,0.108314712868258,10.8314712868258,-14.1143922532267,-0.796631598172572,6.52118334753629,13.7959072019416,28.3365023450423,10000,1.00015061233769
"r_ID__Hmax[ID_55,Intercept]",-36.1880884092057,0.090312506564854,9.0312506564854,-53.2378142599388,-42.3641522261343,-36.4953582634792,-30.3579178357047,-17.500052078935,10000,1.00021658702481
"r_ID__Hmax[ID_56,Intercept]",-2.88716325149506,0.14294016869068,11.2949810693625,-23.8116209176232,-10.7324925182778,-3.29198778918731,4.26576317204717,20.7012718732933,6243.99338289169,1.00018998701343
"r_ID__Hmax[ID_57,Intercept]",22.7862593876162,0.130159014802325,11.1554797234304,1.92815755099557,15.1339220510817,22.5104837240895,29.9550401653252,45.9454484776588,7345.61220366924,1.00014308540208
"r_ID__Hmax[ID_58,Intercept]",-5.40897598869391,0.111973294588779,11.1973294588779,-26.7626765982144,-13.0156415389712,-5.57835187192581,1.89215198648001,16.8399623916385,10000,0.999946011862099
"r_ID__Hmax[ID_59,Intercept]",15.3927102974367,0.0889736860048895,8.89736860048895,-1.64169411043051,9.36623686099963,15.1889411780056,21.353691486515,33.22564648823,10000,1.00004399209757
"r_ID__Hmax[ID_6,Intercept]",52.6908443102057,0.101768550049479,10.1768550049479,32.7716481590655,45.9023859547119,52.4887120779884,59.3362278466188,73.2987782983847,10000,1.00018087834365
"r_ID__Hmax[ID_60,Intercept]",-5.65172882273944,0.0991843874220681,9.91843874220681,-24.3509188400887,-12.4743285529836,-5.761858259437,0.778776099715216,14.4888791507756,10000,0.999999775090845
"r_ID__Hmax[ID_61,Intercept]",4.99599757074626,0.0980399755037953,9.80399755037953,-14.069162957997,-1.50694339963021,4.75121522482553,11.4693236000299,24.7791218446845,10000,1.0003641246921
"r_ID__Hmax[ID_62,Intercept]",28.9828331241194,0.122369207586739,12.2369207586739,5.09874846296378,20.8108473699942,28.7758541188291,37.1029516536138,53.5195039651162,10000,1.00047846172705
"r_ID__Hmax[ID_63,Intercept]",-4.05235672096408,0.105414338576864,10.5414338576864,-24.0751638123379,-11.3266352979775,-4.34779561502778,2.95187299853674,17.3321970760899,10000,1.00004169268891
"r_ID__Hmax[ID_64,Intercept]",15.0029826302889,0.0985360193141476,9.85360193141476,-3.996767340804,8.21859797495167,14.9050401080112,21.497961367282,34.7445704573128,10000,0.999823470217568
"r_ID__Hmax[ID_65,Intercept]",28.0864711214137,0.0935362395097861,9.35362395097861,10.3979548754092,21.6194247501985,27.7983482486054,34.2936472730282,47.2859835199229,10000,0.999773502080296
"r_ID__Hmax[ID_67,Intercept]",8.87588594577879,0.0924630854891759,9.24630854891759,-8.689245052179,2.52769490760032,8.61806717293106,14.9014075950433,27.9292218368909,10000,0.999868390080802
"r_ID__Hmax[ID_68,Intercept]",-10.8331862310539,0.0966940519380981,9.66940519380981,-28.8904622720196,-17.4344442524557,-11.209677795631,-4.57479187216352,9.2058983348639,10000,0.99998262931227
"r_ID__Hmax[ID_69,Intercept]",-40.6366512637913,0.198935288868611,12.2898670149499,-62.1379887753139,-49.0650671465309,-41.5939548258843,-33.0751939880335,-13.6243589016725,3816.54782879691,1.00087088192508
"r_ID__Hmax[ID_7,Intercept]",6.66993648174388,0.100740610914894,10.0740610914894,-12.5341935807376,-0.113324362917338,6.49157289192931,13.3372389600924,26.6905064736772,10000,0.999742283299912
"r_ID__Hmax[ID_72,Intercept]",-45.3570122695104,0.0800938360309479,8.00938360309479,-60.4939897230485,-50.8104037337078,-45.4013311532522,-40.1832442770584,-28.7562549545438,10000,0.999859145774039
"r_ID__Hmax[ID_73,Intercept]",12.7752144945702,0.100911000005894,10.0911000005894,-6.51325940648525,5.86305416421438,12.6487391964609,19.3375319572166,32.9675615412655,10000,0.999811946785168
"r_ID__Hmax[ID_74,Intercept]",-0.289173778480628,0.0958962926597892,9.58962926597892,-18.6577917677547,-6.70083867024825,-0.500147839926924,6.03971375959296,18.7345360607462,10000,1.0000331359636
"r_ID__Hmax[ID_75,Intercept]",-41.4119516830834,0.0992292866987057,9.92292866987057,-59.8270451466707,-48.0844466091296,-41.7081861358766,-34.9502116129144,-21.2771850646223,10000,0.99984948063559
"r_ID__Hmax[ID_76,Intercept]",-21.4646493405007,0.0854142134962424,8.54142134962424,-37.7980001324363,-27.2482949659414,-21.5854417417637,-15.8335212853182,-4.03070479223538,10000,1.00005499835383
"r_ID__Hmax[ID_77,Intercept]",-23.4970065326534,0.0874648930072934,8.74648930072934,-40.1766657598047,-29.4776943608085,-23.6609854082163,-17.6406841463288,-5.69234638058266,10000,0.999852772257479
"r_ID__Hmax[ID_78,Intercept]",5.32808417614076,0.0982341310489412,9.82341310489412,-13.378834737178,-1.38554827881698,5.16666799418164,11.7036041432116,25.3689337539721,10000,0.99971574404099
"r_ID__Hmax[ID_79,Intercept]",41.6519680011611,0.0921396359934253,9.21396359934253,24.1987069080284,35.3522657079179,41.5422466673416,47.6747722779286,60.0438464470697,10000,1.00014540433498
"r_ID__Hmax[ID_8,Intercept]",9.33289559466447,0.0985895381695173,9.85895381695173,-9.33355679338249,2.65324916885524,9.12638037182514,15.7708357819964,29.3383258921422,10000,1.00013082823635
"r_ID__Hmax[ID_80,Intercept]",6.94810596059503,0.0941840951334837,9.41840951334837,-10.791261019128,0.441073344313492,6.77520935965376,13.1237957775051,26.099526400021,10000,1.00006379315087
"r_ID__Hmax[ID_81,Intercept]",-12.2039638667284,0.0909127250398896,9.09127250398896,-29.3034148232318,-18.4083538078735,-12.463196434112,-6.08479797613398,6.01843380920498,10000,0.999740344829332
"r_ID__Hmax[ID_82,Intercept]",-3.04053003548778,0.0957876776465293,9.57876776465293,-21.6021017514599,-9.54422138279122,-3.17146487161823,3.15206414891727,16.1769712594172,10000,1.00023916669639
"r_ID__Hmax[ID_84,Intercept]",15.5213281856565,0.0888610719560146,8.88610719560146,-1.2583982705458,9.33747275406539,15.2685479497249,21.3733909912709,33.6325061601726,10000,0.999985922542364
"r_ID__Hmax[ID_85,Intercept]",-0.284824589097561,0.0874192161897391,8.74192161897391,-16.8766191156145,-6.15340655178039,-0.426552689686787,5.53136958440844,17.2348484751635,10000,1.00022477097287
"r_ID__Hmax[ID_86,Intercept]",30.3149888339865,0.109409958976333,10.9409958976333,9.40902305879556,22.8506673931529,30.2191156886451,37.5291378132058,52.1805806533176,10000,1.00002686712022
"r_ID__Hmax[ID_87,Intercept]",8.25146014002017,0.107659718816343,10.7659718816343,-12.3819311676348,0.873876844257969,8.06617639215386,15.3831387766348,29.621323611705,10000,1.0000236166757
"r_ID__Hmax[ID_88,Intercept]",-14.5812134666041,0.111909798704384,9.65262140326743,-32.5186937916024,-21.2203169127808,-14.9899720560393,-8.4452452842565,5.69706693102744,7439.68103076813,1.00057582870148
"r_ID__Hmax[ID_89,Intercept]",4.37234405781329,0.123056317997382,10.6862484110257,-15.5602878153345,-3.0220384418594,3.99339371827105,11.4763995100388,25.9414646855588,7541.23888858262,0.999963339240937
"r_ID__Hmax[ID_9,Intercept]",26.6363690899626,0.104370945410128,10.4370945410128,6.73067653142894,19.5897773339833,26.3457031910934,33.3889659485598,47.5337898437994,10000,1.00093391393502
"r_ID__Hmax[ID_90,Intercept]",1.866861267583,0.11484006824313,11.484006824313,-19.5740157471807,-5.87518864829025,1.3327395913798,9.40507180165469,25.4990236047769,10000,1.00013649165959
"r_ID__Hmax[ID_91,Intercept]",1.11947703718499,0.113305892773238,11.3305892773238,-19.9738408996196,-6.70368231836635,0.654948201310218,8.43369847105434,24.873236062617,10000,1.00007756235437
"r_ID__Hmax[ID_92,Intercept]",13.6868676727541,0.106363793047776,10.6363793047776,-6.40973647878935,6.2930986998477,13.4818216240878,20.724092616733,35.2606571094805,10000,1.00028060034753
"r_ID__Hmax[ID_94,Intercept]",-0.789511929335177,0.0912875543698714,9.12875543698715,-18.1629927837879,-6.9265235525708,-1.03081473885403,5.08054343989798,17.4722997325458,10000,0.999839486051871
"r_ID__Hmax[ID_95,Intercept]",-3.17209440829979,0.0817455350413222,8.17455350413222,-18.2749758780866,-8.84703224747281,-3.43693640496961,2.16308629206663,13.6560107467821,10000,1.00023063380772
"r_ID__Hmax[ID_96,Intercept]",24.656505052574,0.134067851573053,10.5124220023866,5.37338507403302,17.4094700803924,24.2008835139945,31.3727250617571,46.9315931504734,6148.31731376981,1.00079141951744
"r_ID__Hmax[ID_98,Intercept]",-6.66110047132983,0.090995298023981,9.0995298023981,-23.5051601187784,-12.9505619083009,-6.90902077859695,-0.675198089667185,12.150567515205,10000,1.00055685522752
"r_ID__Hmax[ID_99,Intercept]",-29.0948887254537,0.0851819535048727,8.51819535048727,-45.0189366175892,-35.009650602116,-29.2534994147756,-23.5408720128452,-11.5960941680792,10000,0.999744755477748
"r_ID__k[ID_1,Intercept]",0.0815153753413145,0.00546620646330155,0.546620646330155,-0.948143651804557,-0.266509464703211,0.0511681074347462,0.413560257085026,1.25903603274168,10000,1.00011251906933
"r_ID__k[ID_10,Intercept]",0.028004714623122,0.00581486262295779,0.581486262295779,-1.07215814037914,-0.344758456121808,0.00957605295020406,0.374866116326819,1.26388228943535,10000,0.999697551661251
"r_ID__k[ID_100,Intercept]",0.265093852506947,0.00612381801591978,0.612381801591978,-0.869876602211525,-0.130175391199943,0.216734216045563,0.650611177120993,1.54312259711066,10000,1.00003544082648
"r_ID__k[ID_101,Intercept]",0.526202131060151,0.00673291438032846,0.673291438032846,-0.656578947428973,0.0476591080832687,0.449780273135161,0.948284058279381,2.02425860208522,10000,1.0001804603175
"r_ID__k[ID_102,Intercept]",-0.445734282556478,0.00612893521844405,0.612893521844405,-1.69869331312722,-0.850655892694794,-0.411941353125492,-0.0261650382014833,0.727266236685696,10000,1.00001574985261
"r_ID__k[ID_103,Intercept]",-0.232912874612277,0.0066614639540433,0.66614639540433,-1.54718861901284,-0.663318591214133,-0.210518223005776,0.159597126401409,1.148603973612,10000,0.999681568003904
"r_ID__k[ID_104,Intercept]",-0.193833341984946,0.00563632963549928,0.563632963549929,-1.32552577472504,-0.566751146381798,-0.173407271658732,0.160553285318649,0.934261794809354,10000,1.00022678575062
"r_ID__k[ID_105,Intercept]",-0.288322071991513,0.00569188339955524,0.569188339955524,-1.42683995371723,-0.676993343419278,-0.266348775282986,0.0762751128160694,0.842827656885275,10000,1.00061683194366
"r_ID__k[ID_106,Intercept]",-0.0621772624682148,0.00612580807883557,0.612580807883557,-1.24958786798267,-0.4427629747369,-0.0695365531001911,0.304792326849712,1.21133767275022,10000,0.999966470669353
"r_ID__k[ID_107,Intercept]",0.162746284333782,0.0060480191878385,0.60480191878385,-0.952875889045666,-0.223376115837816,0.121204790252249,0.523555430341887,1.4696825347353,10000,0.99986024553295
"r_ID__k[ID_109,Intercept]",-0.59644340151855,0.0106878192633301,0.618518633550152,-1.79333400254388,-1.03661296425984,-0.577480419469561,-0.143609593611104,0.5887065725592,3349.09427951965,1.00058919391317
"r_ID__k[ID_111,Intercept]",-0.108506126460645,0.00611646362505434,0.611646362505434,-1.29779726926667,-0.502861198048855,-0.0981371964573578,0.265473379853092,1.13749876406934,10000,1.00026531095527
"r_ID__k[ID_112,Intercept]",-0.0839292779046632,0.00618444987009163,0.618444987009163,-1.30745273685303,-0.475055087131742,-0.0813412479011822,0.296271054509614,1.18624811053702,10000,0.999941801887672
"r_ID__k[ID_113,Intercept]",-0.174596622785406,0.00525914989335923,0.525914989335923,-1.19176022701919,-0.529525531282153,-0.172189018557606,0.151559773289404,0.897111329773784,10000,0.99976907475008
"r_ID__k[ID_114,Intercept]",-0.483610564121772,0.00944557641191658,0.601040621604239,-1.66915145570899,-0.893825886839128,-0.470726960230276,-0.0554398291487376,0.685413521637028,4049.0274272682,1.0003627563935
"r_ID__k[ID_116,Intercept]",0.0545388051652423,0.00625259269448945,0.625259269448945,-1.15830204621231,-0.325517588291124,0.0234994736591973,0.428300709947109,1.36011259153024,10000,0.999959019474692
"r_ID__k[ID_117,Intercept]",-0.442836663911143,0.00692720019494586,0.692720019494586,-1.85067189128371,-0.903445231647274,-0.396239570563442,0.015388987318952,0.882348932028351,10000,1.00032579698859
"r_ID__k[ID_118,Intercept]",-0.4377619558442,0.00610707340906623,0.610707340906623,-1.65705022482393,-0.845664709051201,-0.41306966074753,-0.0194465252087724,0.731839927132484,10000,1.00094378004433
"r_ID__k[ID_119,Intercept]",-0.304532545380656,0.00733886157001235,0.733886157001235,-1.82173615267541,-0.771448497617326,-0.258384426827356,0.15629428946934,1.13854336849145,10000,0.999812191296317
"r_ID__k[ID_12,Intercept]",-0.0675432832386714,0.00581187838000079,0.581187838000079,-1.19610711908806,-0.447149445704379,-0.064316257782458,0.28631638384701,1.13563096618028,10000,0.999962494430236
"r_ID__k[ID_120,Intercept]",0.101938026546987,0.00554253854047487,0.554253854047487,-0.965991168988647,-0.245750099912135,0.0772425003281839,0.439877099579603,1.26915496503113,10000,0.999957030242167
"r_ID__k[ID_121,Intercept]",0.00161496783711234,0.00675984042059624,0.675984042059624,-1.32054541629287,-0.427395580675356,-0.00639187811674385,0.421751201646166,1.39292291618189,10000,1.00004195050647
"r_ID__k[ID_122,Intercept]",-0.0445586141766436,0.00631529845797114,0.631529845797114,-1.24589379329077,-0.45799857608471,-0.0500665192997732,0.338550813999474,1.27786653020703,10000,0.999780607850301
"r_ID__k[ID_123,Intercept]",-0.139328445185188,0.00612976843106209,0.612976843106209,-1.36320305345317,-0.540054067324387,-0.118895850055836,0.239796083670126,1.09933817028641,10000,1.00027047948299
"r_ID__k[ID_124,Intercept]",-0.293198897613216,0.00651130599435193,0.651130599435193,-1.61658516362304,-0.72312662177079,-0.264447848222296,0.115703924825953,1.0000910448541,10000,1.000617651805
"r_ID__k[ID_125,Intercept]",-0.366221344063804,0.00720120823559188,0.720120823559188,-1.86316453460715,-0.823881753836504,-0.315093686977016,0.0860641562986724,1.01172740691878,10000,1.00017100692858
"r_ID__k[ID_126,Intercept]",-0.395595580263573,0.00686050275328287,0.686050275328287,-1.80785314551995,-0.844667304753522,-0.3491228421897,0.050130757759728,0.928082474544697,10000,1.00023993802784
"r_ID__k[ID_127,Intercept]",-0.162746631992003,0.00580938998313518,0.580938998313518,-1.309194643992,-0.546283365010019,-0.156248052045845,0.195253775765944,1.01248217553415,10000,0.999869437807911
"r_ID__k[ID_128,Intercept]",0.251892329289819,0.00655888262061758,0.655888262061758,-0.951334866647541,-0.169369941369842,0.196308836748949,0.647653648843636,1.68192274860109,10000,1.00012656008956
"r_ID__k[ID_129,Intercept]",0.0462133688334162,0.00694908678817738,0.694908678817738,-1.32117309574606,-0.394210281771726,0.0311489858823955,0.464590368104338,1.48502994114141,10000,0.999979428166879
"r_ID__k[ID_13,Intercept]",0.537999180990799,0.00682033815588547,0.682033815588547,-0.638911079441386,0.0576319728709638,0.465950224092293,0.949697431057655,2.07022227874837,10000,1.00022028156117
"r_ID__k[ID_130,Intercept]",-0.0868533570189571,0.00673621505671102,0.673621505671102,-1.43264314161875,-0.515930610937793,-0.0715318749154945,0.332299922159103,1.27784511552529,10000,0.999926936616914
"r_ID__k[ID_132,Intercept]",-0.407437160811176,0.0065170124584939,0.65170124584939,-1.72762454513726,-0.837945757926631,-0.372821692393135,0.0229579571333311,0.860720064135676,10000,0.999836490263673
"r_ID__k[ID_133,Intercept]",-0.434628673657526,0.00566609697842542,0.566609697842542,-1.5423547354204,-0.824132905171948,-0.424982355165052,-0.0466261163312492,0.681512970749182,10000,1.00037789630288
"r_ID__k[ID_134,Intercept]",0.266737861005312,0.0069709627391933,0.69709627391933,-1.01089528427396,-0.187223386997046,0.205467541122943,0.686551508933806,1.76710759964878,10000,0.99998435215745
"r_ID__k[ID_135,Intercept]",-0.417160642616742,0.00662986272880038,0.662986272880038,-1.68462627411363,-0.871477992749045,-0.408073797517157,0.0106615668773451,0.918705838599254,10000,1.00020346042791
"r_ID__k[ID_136,Intercept]",0.267303104644443,0.00588790322234541,0.588790322234541,-0.824753523709537,-0.109249630968621,0.222482088966109,0.62983665794739,1.53206152770755,10000,1.00028335324343
"r_ID__k[ID_137,Intercept]",-1.40765087227473,0.0258540425317066,0.851616379616052,-2.8557905605733,-2.0734723964431,-1.47262905970091,-0.760827563576064,0.142954135634865,1085.00338704017,1.00187613142445
"r_ID__k[ID_138,Intercept]",0.265725089782612,0.00668656008333782,0.668656008333782,-0.969982910225905,-0.156563431794608,0.201090160908667,0.669011395985659,1.72278786452579,10000,0.999700154024904
"r_ID__k[ID_139,Intercept]",-0.406699680841883,0.00649950621060285,0.649950621060285,-1.73141002384254,-0.837545696760989,-0.369048139738938,0.0202347517856703,0.837005521118845,10000,1.0001958939488
"r_ID__k[ID_14,Intercept]",0.594896331434265,0.00722852384471914,0.722852384471914,-0.632549741628655,0.0684816669843115,0.513385395693607,1.04577352161044,2.18813999613059,10000,1.00027163152052
"r_ID__k[ID_142,Intercept]",-0.147917912019394,0.00654677004752518,0.654677004752518,-1.47882858619561,-0.561316262819778,-0.135308745168653,0.256861867995381,1.17793681588488,10000,1.00033805470838
"r_ID__k[ID_143,Intercept]",0.266881289435382,0.00646407486681465,0.646407486681465,-0.902213031041971,-0.150638423912922,0.205705051895534,0.652199700091842,1.67267551849519,10000,1.00037307687347
"r_ID__k[ID_144,Intercept]",0.991387438852414,0.0181723857943684,0.777388601564933,-0.267193049917243,0.410856554108205,0.930172646546461,1.48405568528549,2.70296584354411,1830.0056924584,1.00165884315106
"r_ID__k[ID_147,Intercept]",0.306930105548204,0.00654910430341485,0.654910430341485,-0.888658496162084,-0.116976960500201,0.249687957254422,0.702406704873164,1.7105374841835,10000,1.00038477088441
"r_ID__k[ID_148,Intercept]",0.508668087097351,0.00652376106098131,0.652376106098131,-0.629557771677807,0.0537535615712985,0.442474640585822,0.911048670794993,1.93407821871208,10000,1.00055066588281
"r_ID__k[ID_15,Intercept]",0.0186947845452238,0.0067661670863038,0.67661670863038,-1.26431626899137,-0.433511568511087,-0.000963212036589055,0.432405783043061,1.46540016588275,10000,0.999734297790243
"r_ID__k[ID_152,Intercept]",-0.0757146239376898,0.00554151365061969,0.554151365061969,-1.15550520627518,-0.440553103963298,-0.0718776912284293,0.262910245248721,1.06324916606398,10000,1.00004195202519
"r_ID__k[ID_153,Intercept]",0.10264590258858,0.00586002224115883,0.586002224115883,-1.0205992861178,-0.26833669637248,0.0709218313668984,0.456537092453019,1.36525477708696,10000,0.999781456633839
"r_ID__k[ID_154,Intercept]",-0.547716983875611,0.00767298116803764,0.767298116803764,-2.19327554080958,-1.05284876348588,-0.469875439172328,-0.0113400687058507,0.834211333778296,10000,1.00028916318524
"r_ID__k[ID_155,Intercept]",0.0875373564140333,0.00624195228376026,0.624195228376026,-1.07766925633086,-0.30561461227305,0.0470545760525184,0.457536996452714,1.40373342402427,10000,0.999992435415157
"r_ID__k[ID_156,Intercept]",-0.451266312034885,0.00622641428078489,0.622641428078489,-1.68883613578286,-0.869794013245293,-0.426707494391892,-0.0239580483052279,0.762875788940585,10000,1.00024850576228
"r_ID__k[ID_157,Intercept]",-0.593503683854885,0.0116145262982789,0.662446073842198,-1.91517473728043,-1.04990514229298,-0.565618340725498,-0.105099346538696,0.623275179639496,3253.10482352293,1.00068939743178
"r_ID__k[ID_158,Intercept]",0.189957468047529,0.00615252579169563,0.615252579169563,-0.952444907987181,-0.202508067747722,0.140040625449947,0.562745952705357,1.53621223697738,10000,1.00035506465512
"r_ID__k[ID_16,Intercept]",0.0535979358983611,0.00569390387107667,0.569390387107667,-1.02376902161885,-0.312742396085237,0.0285671255344788,0.39528612022562,1.23942304738275,10000,0.999876233813421
"r_ID__k[ID_160,Intercept]",0.418605310873788,0.00621253537565324,0.621253537565324,-0.67366349917545,-0.00741209523427892,0.34967056781525,0.798783388709863,1.76932289327664,10000,1.00110266904077
"r_ID__k[ID_161,Intercept]",0.0679238793949887,0.005780777634415,0.5780777634415,-1.02506335676339,-0.311516278653844,0.0448091871472979,0.415533815122984,1.30380324638351,10000,0.999958495549451
"r_ID__k[ID_163,Intercept]",0.0718368025468428,0.00597611165964434,0.597611165964434,-1.06787473227038,-0.312322111108295,0.0408981347091417,0.437392233354467,1.33464433994634,10000,0.999659936822311
"r_ID__k[ID_165,Intercept]",-0.622064861062584,0.0116223045687191,0.634431613252426,-1.84697676247493,-1.07166879374837,-0.60392257176479,-0.160220087175969,0.574360361259322,2979.78635078868,1.0005882621339
"r_ID__k[ID_166,Intercept]",0.511635488660511,0.00661125519496449,0.661125519496449,-0.652948532988306,0.0427709855749397,0.441849122981177,0.919078162458182,1.939060578941,10000,1.00028052718476
"r_ID__k[ID_169,Intercept]",-0.240284226746827,0.00658364793227314,0.658364793227314,-1.55664622203346,-0.674420362667043,-0.217877231101122,0.16086884733684,1.08032668613724,10000,0.999976263605363
"r_ID__k[ID_17,Intercept]",0.0192445769600519,0.00603220163252624,0.603220163252624,-1.14871252555214,-0.357857649564705,0.000637957781228783,0.382831579821832,1.27588890737322,10000,0.999846817977527
"r_ID__k[ID_170,Intercept]",-0.19198003102058,0.00633667329892825,0.633667329892825,-1.47818721142457,-0.591181000026563,-0.162587089141176,0.202413665527212,1.06466219065701,10000,1.00002552819162
"r_ID__k[ID_171,Intercept]",0.407335688579202,0.00662500339377014,0.662500339377014,-0.761422073858271,-0.0258066283620963,0.334662703038287,0.795380291168703,1.88783997482033,10000,1.00043970065987
"r_ID__k[ID_172,Intercept]",0.211568594807482,0.00634597551078174,0.634597551078174,-0.97979979515451,-0.19269129223508,0.165371792022367,0.587958260599954,1.59343524806829,10000,1.00041310886863
"r_ID__k[ID_174,Intercept]",0.318555100590948,0.00651377336056503,0.651377336056503,-0.913420476918433,-0.0952522483210031,0.264835138785263,0.71398812766279,1.72097729133323,10000,0.999924597256367
"r_ID__k[ID_175,Intercept]",0.0428075959780551,0.00651104193583219,0.651104193583219,-1.19361433572175,-0.369093477311066,0.0136063887068664,0.420420356292802,1.46216650421574,10000,0.999829637288397
"r_ID__k[ID_176,Intercept]",0.528370909703121,0.00686787180833095,0.686787180833095,-0.647895547429447,0.0327172031065224,0.445785353120297,0.959579745089644,2.02019326978389,10000,1.00033040352417
"r_ID__k[ID_177,Intercept]",0.0781915506168934,0.00656837620920195,0.656837620920195,-1.15306806785371,-0.334732791008272,0.0425870465103118,0.462886384825878,1.49632180161198,10000,0.999878991304716
"r_ID__k[ID_18,Intercept]",0.0973536197219597,0.00616408138798452,0.616408138798452,-1.04922194831597,-0.300148330877259,0.059613356381855,0.464633076981517,1.40884654248601,10000,0.999750013100201
"r_ID__k[ID_180,Intercept]",0.197282501466244,0.00687347798093713,0.687347798093713,-1.10328654712197,-0.244937955394616,0.147556665040989,0.61726646796638,1.67831178213674,10000,1.00024926538604
"r_ID__k[ID_181,Intercept]",-0.95340143039049,0.01932846461756,0.811976616431192,-2.54720536035618,-1.53850310088177,-0.917479295106635,-0.318402714384185,0.443618644392496,1764.78714510701,1.00209822410259
"r_ID__k[ID_186,Intercept]",0.0824727564872754,0.00650069762217382,0.650069762217382,-1.16078863663981,-0.322859872682011,0.0479831250370887,0.479816653404075,1.44260239462581,10000,0.999899798561987
"r_ID__k[ID_189,Intercept]",0.338683692522847,0.00612870393870191,0.612870393870191,-0.769225648677949,-0.0743935190044895,0.284120436209645,0.730442862388686,1.64729918652439,10000,1.00019048793999
"r_ID__k[ID_19,Intercept]",0.705819452602849,0.0132665273687133,0.715818109304396,-0.473818771984872,0.17473548122504,0.631256723015548,1.1609320888127,2.28919193224911,2911.32606079228,1.00116666999117
"r_ID__k[ID_191,Intercept]",-0.272800938239775,0.00560628292261538,0.560628292261538,-1.3513720368565,-0.658166114677539,-0.260727872195179,0.0775441529472798,0.84107978891605,10000,0.999827922271667
"r_ID__k[ID_192,Intercept]",-0.622959503542128,0.0141828594774798,0.870748272715442,-2.53449894748485,-1.1723858508079,-0.515102099963361,-0.01900450544824,0.922323425948921,3769.27343191966,1.00082843487199
"r_ID__k[ID_197,Intercept]",-0.220882097064072,0.00657925814163859,0.657925814163859,-1.5473488818815,-0.64588361262451,-0.18937993886771,0.178458394483907,1.09810208962453,10000,0.999860200132492
"r_ID__k[ID_198,Intercept]",-0.313733608036434,0.00704961058979041,0.704961058979041,-1.67312803159375,-0.779757874139392,-0.300444579849626,0.119846095551244,1.12626403690607,10000,1.00051851914728
"r_ID__k[ID_199,Intercept]",0.328593056906918,0.00636859243218969,0.636859243218969,-0.825362603173588,-0.0852478793368001,0.27028071124134,0.710273916449732,1.71838519273973,10000,1.00032131319581
"r_ID__k[ID_2,Intercept]",0.31391942439014,0.00589980390924445,0.589980390924445,-0.738445193256996,-0.073461195495162,0.252762497790954,0.678340064656746,1.58467211701131,10000,0.999759655997888
"r_ID__k[ID_20,Intercept]",1.07694160040415,0.0215224922391224,0.867648441231557,-0.322202707015793,0.410595517194713,1.00628764903331,1.6400350838913,2.95999890639685,1625.18371551681,1.00114503296438
"r_ID__k[ID_201,Intercept]",-0.513473701276261,0.00981058055056922,0.615178860560706,-1.72737483772526,-0.935034590511148,-0.492201052126583,-0.0802012891994613,0.678115348424997,3931.99892874305,1.00093488142116
"r_ID__k[ID_202,Intercept]",-0.0299310263556045,0.00701348360559947,0.701348360559947,-1.41719419502409,-0.461368048940346,-0.0251503558138934,0.396720395116533,1.40499393639262,10000,1.00003191095776
"r_ID__k[ID_207,Intercept]",-0.461791966428548,0.00729306192909185,0.729306192909185,-1.93432953324133,-0.94218249617662,-0.41472785865958,0.021103899915872,0.925907910595285,10000,1.00028609136375
"r_ID__k[ID_208,Intercept]",-0.348156357977365,0.00650011732127864,0.650011732127864,-1.59014920742038,-0.795913878067404,-0.329973577522807,0.0636417524645144,0.958946749126776,10000,1.00005959389695
"r_ID__k[ID_21,Intercept]",0.349151820748912,0.00612666982476419,0.612666982476419,-0.754246566121778,-0.0541128424127099,0.293520660267017,0.732525408047542,1.69119242975926,10000,1.00050125899335
"r_ID__k[ID_212,Intercept]",0.425259494503072,0.00618182729700172,0.618182729700172,-0.679932548313073,0.00278402965224999,0.363002756880142,0.808008509675909,1.77383438660928,10000,1.00071856212305
"r_ID__k[ID_214,Intercept]",0.00251303318354848,0.00609026419193061,0.609026419193061,-1.18274521261827,-0.389491240334975,-0.0018252116371933,0.371407353757601,1.26497037610797,10000,0.999862996711371
"r_ID__k[ID_217,Intercept]",-0.317293508399675,0.00710374344194815,0.710374344194815,-1.80379444112245,-0.754536004217758,-0.279562237125811,0.122239710339168,1.0577359064326,10000,1.00016456783994
"r_ID__k[ID_223,Intercept]",0.0270050332340178,0.00599216618487904,0.599216618487904,-1.15014208960442,-0.344653527726627,0.00765889746298237,0.394109455648309,1.27266840310613,10000,0.999861563100412
"r_ID__k[ID_224,Intercept]",0.0892764553212851,0.00728662892932493,0.728662892932493,-1.32163809180907,-0.35993612464333,0.0602521863309478,0.520638155134317,1.60353917582133,10000,0.999938347675273
"r_ID__k[ID_227,Intercept]",-0.224611156893789,0.00663300469892898,0.663300469892897,-1.57122775081823,-0.638629222682973,-0.184665298025152,0.176220492787138,1.08687002147805,10000,1.00009072087368
"r_ID__k[ID_23,Intercept]",0.676007329229862,0.0145247817688439,0.757548073894042,-0.577282206840481,0.119904670887295,0.583040791407862,1.15300750182869,2.35212757957266,2720.20205729937,1.00062375902483
"r_ID__k[ID_231,Intercept]",0.574111092646369,0.0070944938181193,0.70944938181193,-0.655398258842553,0.0629576971964429,0.501775883309385,1.01462843727661,2.13933692315953,10000,1.00011838493744
"r_ID__k[ID_234,Intercept]",0.543500322428201,0.00743129016158083,0.743129016158083,-0.765776879536702,0.018797708228761,0.472398672987128,1.00764632629386,2.18467158265746,10000,1.00090896532797
"r_ID__k[ID_24,Intercept]",0.294265522953032,0.00633986535877128,0.633986535877128,-0.857906785852598,-0.117581215513217,0.237101417129391,0.673607780502672,1.65931495770569,10000,0.999832152150674
"r_ID__k[ID_25,Intercept]",0.460284167815642,0.0067242164954435,0.67242164954435,-0.724593472941568,-0.00112121793850535,0.392263247496222,0.877128355545399,1.89213497149133,10000,1.00007654552972
"r_ID__k[ID_26,Intercept]",0.415225485167549,0.00609439022214106,0.609439022214106,-0.676536861558668,0.00157184046394997,0.358804853860646,0.783120135119148,1.75375996826604,10000,1.00031138808209
"r_ID__k[ID_27,Intercept]",0.484092200410307,0.0062890965793592,0.62890965793592,-0.623661933782358,0.0404259002097386,0.429330509355221,0.875815745876107,1.85143165942792,10000,0.99998832261587
"r_ID__k[ID_28,Intercept]",-0.106369683582183,0.00588450915457541,0.588450915457541,-1.23159694801895,-0.502098379380701,-0.105614692286512,0.2476698653553,1.13609992135015,10000,0.999729151809157
"r_ID__k[ID_29,Intercept]",0.0932201600278117,0.00574546448728664,0.574546448728664,-1.00708046669341,-0.270701550746619,0.0645183055478034,0.444657078946971,1.30692909746134,10000,1.00004660973796
"r_ID__k[ID_3,Intercept]",0.472930019384303,0.00612544863762547,0.612544863762547,-0.599606549860041,0.0315489032723054,0.41399842785859,0.865221669399251,1.79957186967815,10000,1.00056376053562
"r_ID__k[ID_30,Intercept]",0.740954969305175,0.0140348518745389,0.718211070700103,-0.453529824080735,0.214782985744406,0.663194118317167,1.18792659474647,2.32400115516584,2618.71673471977,1.00054707289223
"r_ID__k[ID_32,Intercept]",0.124357243227289,0.00616426243475871,0.616426243475871,-1.0448545200997,-0.269424244502382,0.0868227179781286,0.481090429329645,1.44653918119522,10000,0.99982156345906
"r_ID__k[ID_34,Intercept]",-0.194407009098983,0.00576728060093327,0.576728060093327,-1.34215771990105,-0.572408546347222,-0.180047071789062,0.153212826202666,0.97195944872927,10000,1.00043003307951
"r_ID__k[ID_35,Intercept]",0.125186843169797,0.00613362658007804,0.613362658007804,-1.02257741943898,-0.273026816175162,0.0880840624380819,0.488897809433836,1.42722792496098,10000,0.999870910743082
"r_ID__k[ID_36,Intercept]",0.184479771462563,0.00579627140910446,0.579627140910446,-0.904409789297588,-0.186816674741704,0.144547139133017,0.536580185652996,1.42074245376024,10000,1.00009084972215
"r_ID__k[ID_37,Intercept]",0.0612795886252947,0.00584445168517594,0.584445168517594,-1.04883045244426,-0.305865421466586,0.0336227389583375,0.4060275718662,1.30052428957932,10000,0.999783955072006
"r_ID__k[ID_38,Intercept]",0.41235434445061,0.00652929998813265,0.652929998813265,-0.760477854471435,-0.0220721167084595,0.353759120233633,0.80613642807204,1.83213111396169,10000,1.00009973643152
"r_ID__k[ID_39,Intercept]",0.688297142690881,0.0158946572162387,0.804029270138308,-0.636630635681265,0.0932448207169084,0.588965714361294,1.19239637248184,2.4866927682695,2558.82971680391,1.00024585154992
"r_ID__k[ID_4,Intercept]",-0.512490845978942,0.00999769963391345,0.628399470821956,-1.77033483271128,-0.932517394430834,-0.498420511064917,-0.0711343773342758,0.696813468900296,3950.6763406104,0.999914655207117
"r_ID__k[ID_40,Intercept]",-0.0935118420308911,0.00620655035502595,0.620655035502595,-1.29614632964895,-0.504447276052192,-0.0838855689828167,0.282454336997704,1.1936325827494,10000,1.00017939536849
"r_ID__k[ID_41,Intercept]",0.297832516958659,0.00624168103622357,0.624168103622357,-0.865924885651756,-0.107704729096377,0.239531613112832,0.68039653865928,1.62529736762117,10000,1.00029473159589
"r_ID__k[ID_42,Intercept]",0.125049926573214,0.00567879907196931,0.567879907196931,-0.945130983271097,-0.237174391157234,0.0884115577088657,0.479134605589937,1.30388588977763,10000,0.999714431863991
"r_ID__k[ID_45,Intercept]",-0.577595428839059,0.0115123390179342,0.58933049395669,-1.72898508511159,-0.985151959707521,-0.560259471154077,-0.144262751341809,0.536093665854813,2620.53935605275,1.00095982645352
"r_ID__k[ID_47,Intercept]",-0.299240208638725,0.00666190324338076,0.666190324338076,-1.62441179375385,-0.742655866349853,-0.269163132197816,0.116441844554079,1.01043577500179,10000,0.99997279142265
"r_ID__k[ID_48,Intercept]",0.0102487749207373,0.00615843827833426,0.615843827833426,-1.18214626646672,-0.376142677804488,-0.00939506592772789,0.36358439790641,1.33117388265864,10000,1.00014694862495
"r_ID__k[ID_49,Intercept]",-0.01935725270623,0.00605545928318609,0.605545928318609,-1.17699844634632,-0.411073657627977,-0.0311041935199772,0.329443300544976,1.28944916382118,10000,0.999766928737485
"r_ID__k[ID_50,Intercept]",0.112577338562266,0.00607599777735342,0.607599777735342,-1.02055010051681,-0.283356358660156,0.0767025813335635,0.476263451280014,1.40235869312952,10000,0.999775858158278
"r_ID__k[ID_51,Intercept]",0.204950477204167,0.00617025378463943,0.617025378463943,-0.95241221873213,-0.188028974916685,0.156881412067792,0.58799637576802,1.50290988484043,10000,1.00004564523039
"r_ID__k[ID_52,Intercept]",0.145369677608625,0.00601490411056673,0.601490411056673,-0.954798265018851,-0.246291398883996,0.103308135316668,0.504749613802027,1.42971143302566,10000,0.999882826281064
"r_ID__k[ID_53,Intercept]",-0.337405775229205,0.00616514326462676,0.616514326462676,-1.54298556453006,-0.743128906322081,-0.32117132654927,0.0494001001813357,0.888814805543233,10000,1.00018568806482
"r_ID__k[ID_55,Intercept]",-0.181269006829584,0.00676958044331132,0.676958044331132,-1.55293011733814,-0.610922251489875,-0.144118688537122,0.234874242616456,1.15744514863084,10000,1.00025419568691
"r_ID__k[ID_56,Intercept]",-0.585057643859135,0.0120886252840265,0.646383282835017,-1.88425716548168,-1.02394475089153,-0.555048087285246,-0.115413778090005,0.644929271682166,2859.0806104237,1.00095955548525
"r_ID__k[ID_57,Intercept]",-0.526097608294331,0.0103979491478292,0.583525440079178,-1.69323085498569,-0.921828790439265,-0.517425608829668,-0.115374859091141,0.594896534135207,3149.37380820696,1.00117665532105
"r_ID__k[ID_58,Intercept]",0.100362189414571,0.00680012362049595,0.680012362049595,-1.19997403707953,-0.333515651426425,0.0614623336828504,0.518026102066057,1.52364283865877,10000,0.999837020663234
"r_ID__k[ID_59,Intercept]",0.434930895434202,0.00611481155599503,0.611481155599503,-0.657500166746799,0.0172610720601634,0.382226030730584,0.800096805440488,1.76393522854993,10000,1.00046979534466
"r_ID__k[ID_6,Intercept]",0.51951232053975,0.00631195443012741,0.631195443012741,-0.552973279310165,0.0627585413537796,0.461260906934783,0.907817083499472,1.89897251058841,10000,1.00141559411106
"r_ID__k[ID_60,Intercept]",-0.0310527810932646,0.00648052644113184,0.648052644113184,-1.25929821435439,-0.439611482669858,-0.0420358484563258,0.349738059696965,1.32123548983574,10000,0.999699528275172
"r_ID__k[ID_61,Intercept]",0.16421295920176,0.00650969618623847,0.650969618623847,-1.04146401012456,-0.255176715554081,0.118924602887773,0.546396751742563,1.58874777208699,10000,1.00049788043514
"r_ID__k[ID_62,Intercept]",0.061579725641317,0.00581203343169717,0.581203343169717,-1.01451128141932,-0.308466876693903,0.0239434009535875,0.400628893586645,1.30415055737786,10000,0.999809900684539
"r_ID__k[ID_63,Intercept]",-0.188117889502805,0.00646170526809956,0.646170526809956,-1.46881243187911,-0.614664259830419,-0.172320313273586,0.203627167692368,1.10867243657254,10000,1.00041438070639
"r_ID__k[ID_64,Intercept]",0.156054078220164,0.00610399082404494,0.610399082404494,-0.990419472779481,-0.23972346145032,0.1082638173143,0.518334038403887,1.49353391784958,10000,0.999882259383028
"r_ID__k[ID_65,Intercept]",0.243018215646471,0.00576524524460676,0.576524524460676,-0.825499302501177,-0.130205920292978,0.194179993396479,0.599351543751428,1.48596602796607,10000,0.999951380800715
"r_ID__k[ID_67,Intercept]",0.100654737637342,0.00599586945830222,0.599586945830222,-1.06372738670843,-0.279523084189613,0.0714021977940708,0.466214553416763,1.33772661754972,10000,0.999724644293215
"r_ID__k[ID_68,Intercept]",-0.225877237402802,0.00621358873465467,0.621358873465467,-1.4584708524625,-0.623798774330626,-0.207065921015417,0.148998503895161,1.04654299201221,10000,1.00006702142716
"r_ID__k[ID_69,Intercept]",-0.859574013407049,0.0172494840473107,0.767708980187639,-2.38299666277208,-1.40978455150618,-0.823743156363542,-0.278154403287834,0.501873067300556,1980.80180376913,1.00118402180377
"r_ID__k[ID_7,Intercept]",0.221621653356075,0.00692454637159981,0.692454637159981,-1.05356314575663,-0.222652583380699,0.157075550987368,0.642624516991813,1.71511378053611,10000,1.00015193262565
"r_ID__k[ID_72,Intercept]",0.549818232508223,0.00716757122647183,0.716757122647183,-0.688483207994731,0.0407922124479495,0.479841582373235,0.989454295496226,2.13376308012611,10000,1.00105180749694
"r_ID__k[ID_73,Intercept]",-0.172918890188918,0.00576499911824693,0.576499911824693,-1.29308246708224,-0.553302046623905,-0.164888271197237,0.179565794365466,1.01335934626456,10000,0.999859580619198
"r_ID__k[ID_74,Intercept]",0.0999026240917133,0.00610431723066681,0.610431723066681,-1.06910042270699,-0.288553768326626,0.0615999810564815,0.455962180634144,1.4158081543052,10000,0.999854674657314
"r_ID__k[ID_75,Intercept]",-0.11644570418224,0.00687367707120902,0.687367707120902,-1.49799250673536,-0.550193399092039,-0.101877181896461,0.297714704280586,1.29268849424421,10000,0.999714921142603
"r_ID__k[ID_76,Intercept]",0.25616156659953,0.00645425398587634,0.645425398587634,-0.943184440652252,-0.157930953745337,0.20682158637377,0.6465952956646,1.64689631224663,10000,0.999823426661675
"r_ID__k[ID_77,Intercept]",0.391600434717776,0.00666485390730935,0.666485390730935,-0.804931782134945,-0.0554326996590656,0.324007486820172,0.807276422093946,1.8311885624101,10000,1.0001617760149
"r_ID__k[ID_78,Intercept]",0.0442403879566795,0.00610781163797047,0.610781163797047,-1.13869713867775,-0.335782423066244,0.0154546484389085,0.400572392878032,1.35480551802421,10000,0.999903699146691
"r_ID__k[ID_79,Intercept]",0.400017329663891,0.00556837707300457,0.556837707300457,-0.590096620621394,0.0130771588845319,0.356784975058155,0.749468483624199,1.60946316973679,10000,1.00027227540235
"r_ID__k[ID_8,Intercept]",-0.024488947638642,0.00592323618479911,0.592323618479911,-1.16331069905863,-0.405099508778515,-0.0305116706872414,0.335472399805716,1.19874496049748,10000,0.999859313595587
"r_ID__k[ID_80,Intercept]",0.0372683405481748,0.00588884214210615,0.588884214210615,-1.08814052383457,-0.342204350190338,0.0186050962563144,0.40097502677831,1.27594662951533,10000,0.999802581655564
"r_ID__k[ID_81,Intercept]",0.0698036765701831,0.00599083482361091,0.599083482361091,-1.06704290910025,-0.305223638068461,0.0424258911475987,0.417032977956836,1.34884562650199,10000,1.00012701369974
"r_ID__k[ID_82,Intercept]",0.209639284449066,0.00612893120715,0.612893120715,-0.944390017165942,-0.17371539606687,0.170019933369485,0.567359827610046,1.50552273426936,10000,0.999714774153583
"r_ID__k[ID_84,Intercept]",-0.0676037318903071,0.00602361929037388,0.602361929037388,-1.20863555797239,-0.462235787811958,-0.0736706333837412,0.299312824976792,1.18110048943099,10000,0.99999075346214
"r_ID__k[ID_85,Intercept]",0.558923950082755,0.00639369136551468,0.639369136551468,-0.536981655768726,0.0887104943235682,0.495870373733042,0.968693647330005,1.94888902681662,10000,1.00047319067413
"r_ID__k[ID_86,Intercept]",-0.182996222050387,0.00624595639828314,0.624595639828314,-1.38593250928643,-0.598940967571954,-0.177062774459444,0.205692735653021,1.1096985485476,10000,0.999858053557305
"r_ID__k[ID_87,Intercept]",-0.149889829445708,0.00602064906381052,0.602064906381052,-1.3261769160687,-0.543825580665869,-0.13406022356137,0.2154530129754,1.08956405604189,10000,0.999871656214728
"r_ID__k[ID_88,Intercept]",-0.233325650530089,0.00646470676997544,0.646470676997544,-1.50209249344554,-0.6585139836961,-0.212680164927198,0.155486838169192,1.10913120911283,10000,1.00048212984557
"r_ID__k[ID_89,Intercept]",-0.286226365572416,0.00611782240767167,0.611782240767167,-1.50470711017066,-0.694165757168458,-0.256998585307089,0.0968901018173428,0.919647585425427,10000,0.999703149619155
"r_ID__k[ID_9,Intercept]",-0.229222237412942,0.00562284894586623,0.562284894586623,-1.31487333476481,-0.595534943258463,-0.218108975614094,0.11470059004916,0.913012857377094,10000,1.00028681207924
"r_ID__k[ID_90,Intercept]",-0.50861137784072,0.00617157130833823,0.617157130833823,-1.71419188959333,-0.936636467192728,-0.494707057909384,-0.0681344799425576,0.673856951874655,10000,1.00057646221191
"r_ID__k[ID_91,Intercept]",-0.494531338836125,0.0062326225217335,0.62326225217335,-1.68292160487372,-0.936402113040612,-0.476547199204076,-0.0565711468540586,0.712514609998357,10000,1.00053321030004
"r_ID__k[ID_92,Intercept]",0.0225124809977736,0.00677658528166963,0.677658528166963,-1.26360128320129,-0.417598411104141,0.0003769450483073,0.437145337074325,1.45893844851777,10000,0.999793261594091
"r_ID__k[ID_94,Intercept]",0.129156537152971,0.00629660750450119,0.629660750450119,-1.09210208244646,-0.254276939600764,0.0830552680956841,0.494877920435645,1.47088489870478,10000,0.999901518591854
"r_ID__k[ID_95,Intercept]",0.281038842098663,0.00615157925857742,0.615157925857742,-0.853679333933704,-0.120278683249689,0.233756469180631,0.642579103682602,1.6225230381452,10000,1.00001595092625
"r_ID__k[ID_96,Intercept]",-0.494859773441101,0.0106662546961459,0.599644436514226,-1.66647789172323,-0.914494826291582,-0.474277366410725,-0.0710532977430221,0.657172414624351,3160.55765841668,1.00128099916649
"r_ID__k[ID_98,Intercept]",0.139332904334031,0.00638333071238566,0.638333071238566,-1.08210897602472,-0.261592058520335,0.101730219675455,0.516977171098211,1.48771509212884,10000,1.00017615247991
"r_ID__k[ID_99,Intercept]",0.100635250967298,0.00658265727922814,0.658265727922814,-1.16401724708686,-0.30973068501059,0.0633231240001351,0.499180636072183,1.5001569312916,10000,1.00007259448074
"r_ID__I[ID_1,Intercept]",-0.223973646546614,0.0340792811687758,3.40792811687758,-6.8755180641567,-2.50580802061609,-0.194911656248186,2.10796480674293,6.40035366790583,10000,1.00039262317466
"r_ID__I[ID_10,Intercept]",2.78439447585755,0.0390688282390725,3.90688282390725,-5.02144245209594,0.161401085856378,2.83220398881181,5.40556247473486,10.2666783722825,10000,0.99997340206789
"r_ID__I[ID_100,Intercept]",-4.70053026815971,0.0415401319383313,4.15401319383313,-12.7585269534698,-7.44848565194937,-4.74819761391508,-1.91104311638106,3.52411010048399,10000,0.999932856326986
"r_ID__I[ID_101,Intercept]",-13.0725743657049,0.0372245131741913,3.72245131741913,-20.4997630829882,-15.5241395057096,-13.0481507427568,-10.5800314966242,-5.83787387606656,10000,1.00003870835306
"r_ID__I[ID_102,Intercept]",-7.48881855702681,0.0533185166102113,5.33185166102113,-17.8920588859271,-11.0858003622177,-7.46116508257479,-3.93883053184211,2.88736960767836,10000,1.00013635913999
"r_ID__I[ID_103,Intercept]",-16.0259184095377,0.0501079731661828,5.01079731661828,-25.9211667918037,-19.3888926376916,-16.0477398429284,-12.7362378447679,-6.11508275176921,10000,0.999957453244711
"r_ID__I[ID_104,Intercept]",0.754004380891008,0.0417593102099033,4.17593102099033,-7.4918790011723,-2.05211382007556,0.838071476982665,3.56086744826741,8.91895213945977,10000,1.0000047518042
"r_ID__I[ID_105,Intercept]",1.52124251740362,0.0422355184380842,4.22355184380842,-6.79132361136098,-1.30770303631001,1.57599900672959,4.32598637142679,9.87573992294968,10000,1.00034812483706
"r_ID__I[ID_106,Intercept]",1.08550384745687,0.0452429936225451,4.52429936225451,-7.80268136788186,-1.90430128327508,1.09365640671688,4.01842446100648,9.96308831417354,10000,1.00085568211285
"r_ID__I[ID_107,Intercept]",19.5128060172361,0.0365208249932951,3.65208249932951,12.2626569943158,17.0885493257512,19.5913083743275,22.0075769219667,26.4300107042919,10000,0.999943236922467
"r_ID__I[ID_109,Intercept]",3.61747882796285,0.04962701728944,4.962701728944,-6.31319164085701,0.301259583535032,3.6327183773296,7.01061554436383,13.1977007215597,10000,0.999772886132929
"r_ID__I[ID_111,Intercept]",-1.04321135518097,0.0430357081275901,4.30357081275901,-9.38268940389516,-3.92326233290355,-0.978637414659137,1.91020961079842,7.4126537715109,10000,0.99995548928848
"r_ID__I[ID_112,Intercept]",-7.23540382030182,0.0419857920811002,4.19857920811002,-15.6317451371041,-10.0503132992497,-7.18978128291014,-4.41703348302477,1.0134979312773,10000,1.00029503393476
"r_ID__I[ID_113,Intercept]",-3.40691899935381,0.0380049734192031,3.80049734192031,-10.9938916912789,-5.95755434964148,-3.35250611648329,-0.815402671845754,3.89620232767188,10000,1.00055397790757
"r_ID__I[ID_114,Intercept]",-2.41596453280589,0.0424352406242992,4.24352406242992,-10.6852795508904,-5.22499072490667,-2.43943031530557,0.409531886292974,6.07922214270137,10000,0.999925688641393
"r_ID__I[ID_116,Intercept]",-2.24421367316769,0.0432951292428831,4.32951292428831,-10.875914464267,-5.04682393101021,-2.26645690259829,0.637753265173718,6.26575131892339,10000,1.00008301108487
"r_ID__I[ID_117,Intercept]",23.442235144049,0.0582603313072839,5.8260331307284,11.5190493179958,19.6626481549447,23.6291140216378,27.4077912489101,34.3241869727849,10000,1.00014128272348
"r_ID__I[ID_118,Intercept]",4.08054999634482,0.0484984863766103,4.84984863766103,-5.56597273070014,0.913746049782376,4.09293097184677,7.29267421821138,13.6637113676755,10000,1.00043604408031
"r_ID__I[ID_119,Intercept]",17.4413705105684,0.0615054293832238,6.15054293832238,4.66486989142402,13.4241509049934,17.7175533707012,21.6481507532134,28.8837529455263,10000,1.00039649636361
"r_ID__I[ID_12,Intercept]",-1.83693396130853,0.0405769730962256,4.05769730962256,-9.86870361946326,-4.52945416235907,-1.86351177178542,0.895566863313034,6.08731591132375,10000,0.99991808959297
"r_ID__I[ID_120,Intercept]",-3.74106242641782,0.0377027592150241,3.77027592150241,-11.3567414712407,-6.21708859276159,-3.70650262512931,-1.19110546509345,3.53045629582063,10000,1.00073007798293
"r_ID__I[ID_121,Intercept]",8.61130269654155,0.0544927690947752,5.44927690947752,-2.28437425033048,5.06027997775372,8.77295520667376,12.2396729810793,18.8955686968957,10000,0.999970872316854
"r_ID__I[ID_122,Intercept]",13.3505257151455,0.0413699919231743,4.13699919231743,4.82315794598923,10.657672577349,13.4682819509241,16.2039116530805,21.1558494953845,10000,1.00101709425494
"r_ID__I[ID_123,Intercept]",-2.80669661434988,0.0435724803943246,4.35724803943246,-11.518357709317,-5.69858701380769,-2.78770943639674,0.163271981223287,5.58441155151807,10000,0.999996873842896
"r_ID__I[ID_124,Intercept]",2.64218241596341,0.0510574094626733,5.10574094626733,-7.31898302606465,-0.814939818819801,2.71032757599665,6.13530071028852,12.6351640911566,10000,1.00041089522455
"r_ID__I[ID_125,Intercept]",5.61491876668328,0.062541173075363,6.2541173075363,-6.61907802245325,1.42417369917441,5.65528313019371,9.76793426371984,17.9045250916206,10000,0.999757220637835
"r_ID__I[ID_126,Intercept]",-0.408669961381573,0.0554162943658029,5.54162943658029,-11.0344990757768,-4.23642584298425,-0.383427947006929,3.357509698079,10.4873790627777,10000,1.00000986901962
"r_ID__I[ID_127,Intercept]",3.08854222214254,0.0406743077561817,4.06743077561817,-5.12111633490415,0.427204207687179,3.12657339649278,5.81291444944209,11.0104253549519,10000,1.00034162579313
"r_ID__I[ID_128,Intercept]",18.340149139635,0.0435247594403569,4.35247594403569,9.34623216606533,15.4897109896876,18.4306236852901,21.2704573208216,26.7174921736299,10000,0.999927859196766
"r_ID__I[ID_129,Intercept]",23.3297584954354,0.057852652611791,5.7852652611791,11.4975662884684,19.5179914683542,23.4910933683991,27.2569383048276,34.1917527368656,10000,1.00042133862652
"r_ID__I[ID_13,Intercept]",-7.76485325705028,0.0372763958466753,3.72763958466753,-15.1897611255814,-10.2129802961223,-7.7555590533303,-5.26034407265985,-0.545523284991916,10000,1.0003962315601
"r_ID__I[ID_130,Intercept]",-11.0470225168879,0.0442265282976844,4.42265282976844,-19.9613170459347,-13.9015815526018,-11.0192775781581,-8.03942556435123,-2.64782215463748,10000,1.00019012688915
"r_ID__I[ID_132,Intercept]",-2.26931352365245,0.0520432236374753,5.20432236374753,-12.7302684584482,-5.6932133547021,-2.20340982838028,1.25649167061304,7.80519492451879,10000,1.00006670431471
"r_ID__I[ID_133,Intercept]",10.0000856529232,0.0413168340814643,4.13168340814643,1.7830419698721,7.22707065489426,10.0396398332213,12.8161493469522,17.8108144513922,10000,1.00029031173277
"r_ID__I[ID_134,Intercept]",-6.25629672363603,0.0473141687151026,4.73141687151026,-15.803825470871,-9.30189661376605,-6.22629706528181,-3.13288351839677,3.07391954463861,10000,0.999936879672019
"r_ID__I[ID_135,Intercept]",12.3592659922069,0.0480982611034633,4.80982611034633,2.41966242779978,9.31853819974193,12.4813576715884,15.6524262167207,21.4618412502397,10000,1.00000420332708
"r_ID__I[ID_136,Intercept]",-4.05928672591296,0.0352496338819883,3.52496338819883,-11.1349549856837,-6.39225225369862,-4.02735642068679,-1.71526078976317,2.79917649915571,10000,1.00073423057935
"r_ID__I[ID_137,Intercept]",-20.4499818622249,0.079912679884033,6.5113614879681,-32.9602755324782,-24.8987965587882,-20.5875998343164,-16.1156570078308,-7.13440749282674,6639.14605709313,0.999662016378914
"r_ID__I[ID_138,Intercept]",-7.3934442331864,0.0384714310296401,3.84714310296401,-15.0427814063557,-9.93655271669398,-7.29698708817582,-4.81947087493577,0.102474370628553,10000,0.999851891241786
"r_ID__I[ID_139,Intercept]",0.378382016341997,0.0500242576023654,5.00242576023654,-9.47672030071371,-2.91775100973539,0.410264597941103,3.75336346954212,10.1505265684569,10000,0.999979393638627
"r_ID__I[ID_14,Intercept]",11.4150090770721,0.0392037029075739,3.92037029075739,3.15063878037335,8.93119520913259,11.5616025278117,14.1374227795939,18.5427705813531,10000,0.999813951725989
"r_ID__I[ID_142,Intercept]",-9.74222680900138,0.0497516617332781,4.97516617332781,-19.6823373780259,-13.0387866826664,-9.65187542022678,-6.29688243259166,-0.170640014379122,10000,0.999961985102405
"r_ID__I[ID_143,Intercept]",-25.9272443920798,0.0399465086134469,3.99465086134469,-33.8370495035241,-28.5804122772649,-25.9096468680024,-23.2339408769186,-18.1428043695837,10000,1.00035721879638
"r_ID__I[ID_144,Intercept]",-9.86201437529328,0.0341012469345765,3.41012469345765,-16.6625516884772,-12.090254924383,-9.85187048406814,-7.55739097856299,-3.19728668364964,10000,1.00019135708148
"r_ID__I[ID_147,Intercept]",-7.68161090267345,0.0393496231280954,3.93496231280954,-15.294774371979,-10.3003041582913,-7.71147408774152,-4.99121876879956,0.0425935297750089,10000,1.00009511037902
"r_ID__I[ID_148,Intercept]",-0.726033229321016,0.0391062546109815,3.91062546109815,-8.4295541530269,-3.30826416303208,-0.713446348502363,1.90154902160049,6.7802384092951,10000,1.00038475843834
"r_ID__I[ID_15,Intercept]",15.2438789682013,0.0414773119039122,4.14773119039122,6.44690919473069,12.5812942821468,15.4445366984216,18.0682603072698,22.9173690508021,10000,1.00006644377032
"r_ID__I[ID_152,Intercept]",-5.29883767405716,0.0375392826968323,3.75392826968323,-12.7605013960154,-7.82855152890526,-5.27755427929768,-2.74455248376075,2.04104456124331,10000,1.00014063731199
"r_ID__I[ID_153,Intercept]",-2.86210241375512,0.0374658016479917,3.74658016479917,-10.1066877397728,-5.4235256902648,-2.90451293818213,-0.379786813385719,4.58230786440579,10000,1.00011111683172
"r_ID__I[ID_154,Intercept]",0.0340595062482946,0.0708341968390127,7.08341968390127,-14.0127978864025,-4.72738380965058,0.0214470577201,4.82674164291655,13.7512723220447,10000,0.999930303998169
"r_ID__I[ID_155,Intercept]",-6.39191912536627,0.0404710232628808,4.04710232628808,-14.2115535535774,-9.08179125417619,-6.39801324880798,-3.66455834323331,1.59173309199893,10000,1.0006718735029
"r_ID__I[ID_156,Intercept]",-1.98479467685532,0.0467510399680619,4.67510399680619,-11.1950988108534,-5.14627252823173,-2.06743388612266,1.18532218451101,7.22231458046506,10000,1.00013764939632
"r_ID__I[ID_157,Intercept]",3.24882477219599,0.0549892851841531,5.49892851841531,-7.38807381383327,-0.545160092651179,3.29000307654375,6.97787645167491,14.0907147122079,10000,0.999732916221208
"r_ID__I[ID_158,Intercept]",-5.47100800924009,0.0363801783970143,3.63801783970143,-12.6241355558741,-7.90887426622189,-5.50051466722629,-3.03427710090703,1.73575141689591,10000,1.0010504948369
"r_ID__I[ID_16,Intercept]",2.01311962347392,0.0384089909791673,3.84089909791673,-5.37062370069038,-0.564362699689585,1.96856850273233,4.62000536198172,9.48295762556242,10000,1.00012200956022
"r_ID__I[ID_160,Intercept]",-5.30154260048595,0.0337790955960512,3.37790955960512,-11.8685000752717,-7.55703332049907,-5.31672979381966,-3.02315207921525,1.30196810081255,10000,1.00046240611416
"r_ID__I[ID_161,Intercept]",-0.861570396563159,0.0402396810172353,4.02396810172353,-8.87272817145795,-3.5502886503083,-0.813191153698339,1.83920027902809,6.9009296304054,10000,1.00006625850413
"r_ID__I[ID_163,Intercept]",-5.57590127373283,0.0416263136952749,4.16263136952749,-13.6542407515952,-8.36039650002588,-5.59298561758871,-2.78843430906054,2.57817690355698,10000,1.00021477297903
"r_ID__I[ID_165,Intercept]",6.74600510970375,0.0516539287579275,5.16539287579275,-3.69145307397872,3.371625847333,6.79543269580651,10.2615370151837,16.5942105730134,10000,1.00064970461424
"r_ID__I[ID_166,Intercept]",-14.2321129683217,0.0368271265846584,3.68271265846584,-21.7218428316968,-16.6097222976208,-14.1763639098617,-11.7402467015928,-7.3223867217399,10000,0.99975694511631
"r_ID__I[ID_169,Intercept]",-5.81628447852705,0.0501751293455706,5.01751293455706,-15.5517578446252,-9.19431082164786,-5.78004855635201,-2.54895031040745,4.23811328710453,10000,1.00000963266316
"r_ID__I[ID_17,Intercept]",-8.71581419329495,0.0391168036158392,3.91168036158392,-16.5110416213484,-11.318512389272,-8.68677934180081,-6.07268445819007,-1.08273842325235,10000,1.00037862927734
"r_ID__I[ID_170,Intercept]",-3.23185556326812,0.0456262498967848,4.56262498967848,-12.2312770257154,-6.22871212428792,-3.28542422578654,-0.200565453284975,5.68091558976916,10000,0.999919519004761
"r_ID__I[ID_171,Intercept]",-6.16653238659168,0.037732883879976,3.7732883879976,-13.5945258569778,-8.7001381472337,-6.1925917244823,-3.61466455327933,1.2695892288296,10000,1.00015617261666
"r_ID__I[ID_172,Intercept]",-4.5963909780833,0.0423827550490881,4.23827550490881,-13.0130252603308,-7.40506474064422,-4.63474261948726,-1.70825877670368,3.71871841135875,10000,0.999740320370659
"r_ID__I[ID_174,Intercept]",-4.64057807848855,0.0403843507419493,4.03843507419493,-12.5665621775949,-7.38085548869555,-4.6057892569076,-1.9497446852253,3.26954761627246,10000,0.999848730482057
"r_ID__I[ID_175,Intercept]",-6.95727836250274,0.0436968333119898,4.36968333119898,-15.4573052265123,-9.92356538673346,-6.9903208559677,-3.98616498486922,1.64519065134924,10000,0.999923584004117
"r_ID__I[ID_176,Intercept]",-9.35747071876258,0.0399181643537058,3.99181643537058,-17.2906413170832,-12.0481686276583,-9.30294788422708,-6.64370081478734,-1.63667386927599,10000,1.00033415751668
"r_ID__I[ID_177,Intercept]",11.4489447001301,0.0455058872132347,4.55058872132347,2.24414471825238,8.44671808072281,11.5839299345606,14.5046642174474,20.1097520712179,10000,1.00014460547328
"r_ID__I[ID_18,Intercept]",8.14030693754841,0.0408187814464561,4.08187814464561,-0.074837377966137,5.47148633994774,8.23811089054106,10.896519957427,15.9511314645518,10000,0.999886838164941
"r_ID__I[ID_180,Intercept]",10.3747582681126,0.0515451791719764,5.15451791719764,-0.215472923269268,7.00329975412303,10.4988920968765,13.8867036782075,20.220371519964,10000,0.999967218914168
"r_ID__I[ID_181,Intercept]",-3.15374097235737,0.0740005671801169,7.40005671801169,-16.9408930111471,-8.10963246634507,-3.52318905903398,1.59487310187018,12.2155865468287,10000,1.00047492986983
"r_ID__I[ID_186,Intercept]",-5.7171880529197,0.0460486074990739,4.60486074990739,-14.8031767395459,-8.8084385948432,-5.71735687929036,-2.63199514440549,3.26960054962408,10000,1.00051250720218
"r_ID__I[ID_189,Intercept]",-6.52648426679707,0.0380362800227858,3.80362800227858,-14.0187512469259,-9.04459093507639,-6.53939949145957,-3.98621922517602,0.844099647024692,10000,1.0007911988349
"r_ID__I[ID_19,Intercept]",-5.71373128364604,0.0368150564723703,3.68150564723703,-12.9971393527846,-8.16522582937119,-5.72525992394517,-3.21806415938059,1.47775057557662,10000,1.00059283019712
"r_ID__I[ID_191,Intercept]",-16.2725274219688,0.0384464851025501,3.84464851025501,-23.9876996671226,-18.7697197238026,-16.1916714130965,-13.6605957806399,-8.88275358228183,10000,0.999850380331774
"r_ID__I[ID_192,Intercept]",13.4231900763549,0.104245015687215,10.4245015687215,-6.84472353374242,6.49259279603733,13.4924382661153,20.3403504087698,33.9473497032375,10000,0.999998722508886
"r_ID__I[ID_197,Intercept]",-3.0381764884693,0.0489515782939187,4.89515782939187,-12.4795480672366,-6.35704425148583,-3.03518521810641,0.235055356475256,6.44846843210806,10000,0.999805603572507
"r_ID__I[ID_198,Intercept]",6.25369706640843,0.0596530834367429,5.96530834367429,-5.6573208834857,2.22780276467595,6.45437846249885,10.3085168370286,17.6026247253729,10000,0.999970253976621
"r_ID__I[ID_199,Intercept]",-7.66635152258368,0.0376695450178719,3.76695450178719,-15.1590364694048,-10.1897699807268,-7.60059883008642,-5.12810059374493,-0.370445395286026,10000,1.00121472545121
"r_ID__I[ID_2,Intercept]",-1.84428460236903,0.0338433110642968,3.38433110642968,-8.61629628487677,-4.07269653214957,-1.82143759246858,0.42591028590108,4.75128149938124,10000,1.00026220497884
"r_ID__I[ID_20,Intercept]",14.8668480820131,0.0346918470936314,3.46918470936314,7.24499257903431,12.7802479544269,15.1105928723351,17.2208950091951,21.0494537689751,10000,1.00076352365914
"r_ID__I[ID_201,Intercept]",-6.0553839428833,0.0474920905594597,4.74920905594597,-15.3611876894953,-9.22428631403225,-6.06832419869285,-2.95779777114507,3.52241051429863,10000,1.0002560888041
"r_ID__I[ID_202,Intercept]",-7.82527141892173,0.0515329296612176,5.15329296612176,-18.0524179739721,-11.2331444540423,-7.89917602348193,-4.38474784880869,2.30735364350741,10000,0.999901395197314
"r_ID__I[ID_207,Intercept]",9.35688053923845,0.0637268249486231,6.37268249486231,-3.41785992778408,5.1304342726397,9.47173396879745,13.7431807167472,21.6117938841646,10000,0.999935895338254
"r_ID__I[ID_208,Intercept]",13.3472570301064,0.0495405651069742,4.95405651069742,3.25989563099936,10.0844404662345,13.4713890749081,16.703079775261,22.7481306172782,10000,1.0006348839069
"r_ID__I[ID_21,Intercept]",-11.5921351819012,0.037500270830014,3.7500270830014,-18.9661824380825,-14.0583030242547,-11.5564692715674,-9.12312495797145,-4.25651076615235,10000,1.0006689206404
"r_ID__I[ID_212,Intercept]",-8.07057868462006,0.0369916402080101,3.69916402080101,-15.4749763362549,-10.5304347343191,-8.09166630502751,-5.60803907695791,-0.760784777606828,10000,1.00008911693863
"r_ID__I[ID_214,Intercept]",-1.35982226666472,0.0423426589337843,4.23426589337843,-9.64749667421952,-4.22071802558079,-1.37593718192055,1.46396252611116,7.06064662372054,10000,0.99991591327838
"r_ID__I[ID_217,Intercept]",5.69954215382042,0.0615214362693835,6.15214362693835,-6.51279081597551,1.66337171484929,5.75902919193543,9.84942013487841,17.7252734391784,10000,1.00004959289055
"r_ID__I[ID_223,Intercept]",-5.9952640076467,0.0447694649076992,4.47694649076992,-14.7973102618163,-9.00982260849607,-5.97348858627695,-2.98141649682802,2.81854350587128,10000,1.00029826918702
"r_ID__I[ID_224,Intercept]",16.618229415537,0.0544583225501398,5.44583225501398,5.31912980468085,13.1367435588974,16.8286010448232,20.3357455989262,26.7851025810456,10000,1.000179916447
"r_ID__I[ID_227,Intercept]",-0.879344827708386,0.0551889046405783,5.51889046405783,-11.7592172828646,-4.57026088339851,-0.815188257245601,2.89103178995381,9.71154738124146,10000,1.00030588326774
"r_ID__I[ID_23,Intercept]",13.1723009539754,0.0393936694890942,3.93936694890942,4.96874184134492,10.6803847498653,13.3231762102561,15.8309245690032,20.4474836186752,10000,1.00031207439405
"r_ID__I[ID_231,Intercept]",-8.84966793852167,0.0399761903215853,3.99761903215853,-16.6755463207047,-11.5269818035301,-8.79849841301336,-6.18128569817792,-1.08322158557192,10000,0.999842619814469
"r_ID__I[ID_234,Intercept]",13.9167005102033,0.0447969086332946,4.47969086332946,4.55708307292899,11.0544965903082,14.1327461983647,16.965325315365,22.1708390865267,10000,1.00004435012985
"r_ID__I[ID_24,Intercept]",-5.97672039283534,0.0385950717243086,3.85950717243086,-13.3999512315673,-8.56590994344868,-6.03817031391855,-3.35575038692111,1.60363622411135,10000,1.00003080546269
"r_ID__I[ID_25,Intercept]",-4.77175927467267,0.0393901318223175,3.93901318223175,-12.5360363148686,-7.37924116365597,-4.79108226453675,-2.13856733596622,2.8992280430069,10000,1.00034143087588
"r_ID__I[ID_26,Intercept]",-1.72145101334558,0.0345631398128542,3.45631398128542,-8.58957864074985,-4.00565328487275,-1.71528554069214,0.639162004700494,4.93045798927857,10000,1.00073197163688
"r_ID__I[ID_27,Intercept]",-5.13826331849111,0.0360675728958331,3.60675728958331,-12.3728971026765,-7.5083927212641,-5.13616856243889,-2.74485905797639,1.98199127922147,10000,1.00003198214633
"r_ID__I[ID_28,Intercept]",12.7673862012245,0.0390369403579249,3.90369403579249,4.78698819798358,10.2305682829535,12.8638620053195,15.3940989812624,19.9624423439491,10000,1.00034506898783
"r_ID__I[ID_29,Intercept]",-0.318884572353761,0.0378732911673187,3.78732911673187,-7.70532636217688,-2.87715246561866,-0.321793803724092,2.25229701663344,7.09040038560458,10000,0.999752957606496
"r_ID__I[ID_3,Intercept]",-3.91352426050807,0.0373738011628985,3.73738011628985,-11.1914414440134,-6.4340258138731,-3.94933459791794,-1.400633864073,3.37757261497676,10000,1.00048939442808
"r_ID__I[ID_30,Intercept]",-6.56349210940562,0.0349843812182383,3.49843812182383,-13.563433885261,-8.84121498730925,-6.52618936116284,-4.21763143114875,0.239282715814995,10000,1.00083332351099
"r_ID__I[ID_32,Intercept]",-3.42569095017806,0.0392888625709387,3.92888625709387,-11.1602443086473,-5.96305852552709,-3.45373814482842,-0.825960297315869,4.38521357296434,10000,1.00006932427699
"r_ID__I[ID_34,Intercept]",-2.12841890959929,0.0443485369350881,4.43485369350881,-10.8036157034653,-5.12341369507873,-2.119235290966,0.922998687265624,6.47104978474142,10000,1.00008565597664
"r_ID__I[ID_35,Intercept]",3.17154460310839,0.0426045282599439,4.26045282599439,-5.10489706058124,0.291504188890994,3.21621740190419,6.13324179865093,11.2935887376306,10000,1.00020166354384
"r_ID__I[ID_36,Intercept]",-6.07868960732474,0.0373983714861127,3.73983714861127,-13.5005949160664,-8.54025440637419,-6.0678845692922,-3.64166055417249,1.34487324026472,10000,1.00027325478479
"r_ID__I[ID_37,Intercept]",0.521458171612601,0.040122693062587,4.0122693062587,-7.33173936261637,-2.16092598519796,0.564412817848334,3.1941175946325,8.31057923913707,10000,1.00020704300788
"r_ID__I[ID_38,Intercept]",-6.88319289900274,0.0375959251312717,3.75959251312717,-14.2653548329913,-9.39535988828453,-6.86421303797189,-4.3488520857385,0.482660514524772,10000,1.00023970637233
"r_ID__I[ID_39,Intercept]",12.1749528808915,0.0524107664513683,4.19028912985039,3.24624159809026,9.53900790256043,12.4416016426653,15.1150073229319,19.45834038227,6392.15001815482,1.00038812999637
"r_ID__I[ID_4,Intercept]",-15.9740898988254,0.0465538364558685,4.65538364558685,-24.9737447149086,-19.0995884539317,-16.0149354920228,-12.9105322736508,-6.65631427648969,10000,1.00025508970027
"r_ID__I[ID_40,Intercept]",8.28223177653072,0.0441046957591595,4.41046957591595,-0.521115403469124,5.2826442341048,8.40312648258277,11.3304178277718,16.6787367819146,10000,0.999842498561282
"r_ID__I[ID_41,Intercept]",-3.7559445964136,0.0395486065017847,3.95486065017847,-11.6257017505398,-6.35471391671537,-3.68966323273637,-1.11185523238929,4.07899307338364,10000,1.00025157779516
"r_ID__I[ID_42,Intercept]",-1.50291057017435,0.0359779504941244,3.59779504941244,-8.44083824877704,-3.92065895625924,-1.46000235132905,0.926965000783571,5.58387452358916,10000,0.999977320416177
"r_ID__I[ID_45,Intercept]",1.11437951164838,0.0418592423962029,4.18592423962029,-7.21259524171138,-1.68697049041941,1.13064228343592,3.93884717295608,9.25406852103097,10000,1.0000286671959
"r_ID__I[ID_47,Intercept]",17.5858065419195,0.0522968244284423,5.22968244284423,7.0424413248645,14.1584631634647,17.7647136825326,21.1181926380416,27.4633442567669,10000,1.00079664928557
"r_ID__I[ID_48,Intercept]",8.04166968825438,0.0425423043387269,4.25423043387269,-0.433020297015687,5.17230990266789,8.14684521031382,11.0110049366759,15.9919868929413,10000,1.00027440854073
"r_ID__I[ID_49,Intercept]",8.40326454030357,0.0420109381265464,4.20109381265464,-0.0854384387553973,5.61902237214913,8.48069345929633,11.3304002154034,16.3780514218295,10000,0.999761473783072
"r_ID__I[ID_50,Intercept]",4.43365997516864,0.041994617465241,4.1994617465241,-3.89753167744589,1.62902121372177,4.47353060349453,7.27288854193937,12.5515871770002,10000,0.999841644258477
"r_ID__I[ID_51,Intercept]",-12.5097094781131,0.0385159393698762,3.85159393698762,-20.2004239186389,-15.0756677708054,-12.4424696714121,-9.86752168838575,-5.01511002569417,10000,1.00037289346514
"r_ID__I[ID_52,Intercept]",-26.9524511715219,0.040938305117472,4.0938305117472,-35.0250798734843,-29.6586490066095,-26.9671070746061,-24.1853478119191,-18.9044113090963,10000,1.00095115341064
"r_ID__I[ID_53,Intercept]",9.27571149900666,0.0470979178880354,4.70979178880354,-0.310773598904553,6.18054375501099,9.34871035978839,12.4523367043186,18.3906542782602,10000,1.00040993341622
"r_ID__I[ID_55,Intercept]",-10.877539528222,0.05554087919894,5.554087919894,-21.9209771628344,-14.5963380965138,-10.8241820753336,-7.10459991077648,0.133807756640045,10000,1.00012183823654
"r_ID__I[ID_56,Intercept]",-0.793306920366387,0.0506520030333152,5.06520030333152,-10.5859695878392,-4.2538314948995,-0.712224407588074,2.66985499932194,9.16092561948034,10000,1.00029130956751
"r_ID__I[ID_57,Intercept]",6.13178700397011,0.0449336131842444,4.49336131842444,-2.97960446556101,3.15177169354947,6.22799150669118,9.12287294727659,14.877741961451,10000,1.00007767767229
"r_ID__I[ID_58,Intercept]",22.3649366427108,0.0469556316053389,4.69556316053389,12.7894425347565,19.3681750902965,22.47746194849,25.4516976729681,31.1670463157725,10000,0.999986299640271
"r_ID__I[ID_59,Intercept]",-7.82041207958585,0.0358962052675244,3.58962052675244,-14.9771707793936,-10.1892289613609,-7.79692350628629,-5.41095573701066,-0.878654149985823,10000,0.999878134826723
"r_ID__I[ID_6,Intercept]",13.602874862937,0.0319099955220516,3.19099955220516,6.96855764681395,11.5630217622732,13.734827890239,15.7737287184264,19.5229404920157,10000,1.00038277590353
"r_ID__I[ID_60,Intercept]",5.31731475754483,0.0475428126832727,4.75428126832727,-4.23583199266145,2.16264811007897,5.43480294551947,8.58136624992099,14.3444928644155,10000,0.999820844907587
"r_ID__I[ID_61,Intercept]",9.59687633880636,0.0424065577891777,4.24065577891777,0.712170241039939,6.80369410077172,9.70852979370904,12.5289659622145,17.4981447482469,10000,1.00009969793797
"r_ID__I[ID_62,Intercept]",31.6800935601668,0.042239516265923,4.2239516265923,23.0822207308229,28.8282568663299,31.7921508822511,34.624100951938,39.6625755924432,10000,0.999893636089913
"r_ID__I[ID_63,Intercept]",11.300526335769,0.0485107617620942,4.85107617620942,1.64850394047781,8.08213473672017,11.4095728903123,14.6829002999386,20.424255769977,10000,1.00006734810064
"r_ID__I[ID_64,Intercept]",6.3189623056894,0.0400240437677709,4.00240437677709,-1.68636766965668,3.60647295861119,6.39176838699698,9.14375208850689,13.8513570722392,10000,1.00063860097169
"r_ID__I[ID_65,Intercept]",-3.38310236117764,0.0348188915316533,3.48188915316533,-10.242362374627,-5.71774419883141,-3.3880383862509,-1.04106255520556,3.48021534218942,10000,1.00093984038342
"r_ID__I[ID_67,Intercept]",-4.7640816065911,0.0389863022350278,3.89863022350278,-12.3737600926513,-7.41883262226953,-4.75710142895424,-2.10380429046145,2.95329217307434,10000,1.00021575668676
"r_ID__I[ID_68,Intercept]",-4.06043931261818,0.0483811190479938,4.83811190479938,-13.6216564739122,-7.26864318863025,-4.04343882068413,-0.768492279050177,5.22362835051127,10000,1.0001010465907
"r_ID__I[ID_69,Intercept]",3.21050577183431,0.0710688479716098,7.10688479716098,-10.580232689987,-1.57783363512893,3.09551129826494,7.88693763499636,17.2954398340846,10000,1.00032516765403
"r_ID__I[ID_7,Intercept]",12.676737146712,0.0432297181369986,4.32297181369986,3.83455593515587,9.82359436922952,12.8934271053035,15.6632885719643,20.6215619128265,10000,1.00054414696535
"r_ID__I[ID_72,Intercept]",-12.9803929321726,0.0465605900338916,4.65605900338916,-22.1614966533494,-16.0765249525284,-12.979554265264,-9.8732312961115,-3.86832299906458,10000,1.00056065659289
"r_ID__I[ID_73,Intercept]",1.37722721062179,0.0419055831029817,4.19055831029817,-6.96111900972693,-1.42909819328319,1.4690581079696,4.21927098635765,9.24046443790159,10000,0.999977522027015
"r_ID__I[ID_74,Intercept]",-1.89684267211428,0.0417699308396576,4.17699308396576,-10.0271133766676,-4.7215895411913,-1.93415316297884,0.878596747647579,6.37025415427035,10000,0.999954763605434
"r_ID__I[ID_75,Intercept]",3.34956327715052,0.0553984770123624,5.53984770123624,-7.39155172813111,-0.394932536190202,3.34286997270649,7.08966359865126,14.277272383774,10000,1.00001058685159
"r_ID__I[ID_76,Intercept]",-10.7552905864153,0.0439711802004525,4.39711802004525,-19.6225934640773,-13.695058842257,-10.6822045409987,-7.79382488140302,-2.19501557398798,10000,1.00042040831517
"r_ID__I[ID_77,Intercept]",-2.38829888225625,0.0435579511877892,4.35579511877892,-11.0438394598591,-5.29736301032125,-2.34037518358407,0.563980963692981,6.00029964170923,10000,1.00005848578919
"r_ID__I[ID_78,Intercept]",0.968644150649216,0.0412638781262318,4.12638781262318,-7.27408768153609,-1.74182334651907,0.94558290008052,3.73935844254035,9.07416230586834,10000,1.0000622995855
"r_ID__I[ID_79,Intercept]",-1.98875848418015,0.0321830761070317,3.21830761070317,-8.32960451994771,-4.14977846156732,-1.96998791285717,0.128290759129983,4.31159115408765,10000,1.00070497835728
"r_ID__I[ID_8,Intercept]",0.887577662633091,0.0402984382443902,4.02984382443902,-7.07087326204512,-1.82707803729099,0.909412476517412,3.59828223107467,8.73057693248336,10000,1.00019672035049
"r_ID__I[ID_80,Intercept]",-2.51931272151712,0.0396860196123091,3.96860196123091,-10.4241214652812,-5.18351404263617,-2.48966310264121,0.102463306748613,5.25414500433144,10000,0.999696130444954
"r_ID__I[ID_81,Intercept]",-5.86507389279362,0.0445277028357301,4.45277028357301,-14.6738407604959,-8.8528682120579,-5.79367282693922,-2.85790847501245,2.68853471985368,10000,1.00045471150561
"r_ID__I[ID_82,Intercept]",2.28966673239035,0.0417275363988484,4.17275363988484,-6.00086588839303,-0.523880093847592,2.34998172675474,5.08213638313114,10.3339227387331,10000,1.00019834687784
"r_ID__I[ID_84,Intercept]",-16.3916896563811,0.0393032886066657,3.93032886066657,-24.298543241599,-19.0258618865515,-16.3230172722057,-13.771766724186,-8.73330811809454,10000,1.00028197310391
"r_ID__I[ID_85,Intercept]",-2.63106510919018,0.0369903588025335,3.69903588025335,-9.7905975214359,-5.17282403965581,-2.62173400534151,-0.160640504130166,4.70352549136053,10000,1.00015251414969
"r_ID__I[ID_86,Intercept]",13.450917696034,0.0425146414795333,4.25146414795333,4.59388406426363,10.6799741997074,13.5897387446594,16.411115497804,21.2440384258416,10000,0.999971794703976
"r_ID__I[ID_87,Intercept]",11.6586076229966,0.0448067687397934,4.48067687397934,2.72019142804081,8.7111365301895,11.7171532782451,14.7419007525165,20.1693655126086,10000,1.0003397735068
"r_ID__I[ID_88,Intercept]",-7.8491855563029,0.0486511189184033,4.86511189184033,-17.3394740610545,-11.0890725627551,-7.92692354104964,-4.61012637758418,1.7897466374473,10000,1.00025949358447
"r_ID__I[ID_89,Intercept]",7.09942225578031,0.0452233200427877,4.52233200427877,-1.91314328206257,4.08811460545871,7.12307122280525,10.1258070317071,15.8289330853153,10000,0.999874470992849
"r_ID__I[ID_9,Intercept]",3.66624496007233,0.0403788995459338,4.03788995459338,-4.33559024365143,0.976684614444785,3.65550325087617,6.33735066148823,11.6054898706946,10000,1.0000684011566
"r_ID__I[ID_90,Intercept]",8.31667623759576,0.0499257041564681,4.99257041564681,-1.5363442491237,5.01447313222419,8.29677809466478,11.7121684968183,17.9605911839326,10000,1.00038806191273
"r_ID__I[ID_91,Intercept]",9.23829751755606,0.0508406580986989,5.08406580986989,-1.02072711413654,5.8734701998574,9.30119260943115,12.6648612783665,19.077725446264,10000,1.00027058922886
"r_ID__I[ID_92,Intercept]",14.9631862174992,0.0431994207594396,4.31994207594396,6.18981248197875,12.1921238035332,15.1235794864632,17.9101176056186,22.8959295116305,10000,0.999740560024095
"r_ID__I[ID_94,Intercept]",-8.0899042829492,0.0411673246111429,4.11673246111429,-16.2613434873521,-10.8460793324153,-8.10914978207659,-5.31869062392197,0.101960678425577,10000,1.00011791116291
"r_ID__I[ID_95,Intercept]",-18.530276659033,0.0403266751058658,4.03266751058658,-26.6180598799695,-21.1744629708815,-18.4914456138269,-15.8090254358087,-10.6591130407721,10000,1.00053215815087
"r_ID__I[ID_96,Intercept]",-12.9051735918519,0.0421095186917831,4.21095186917831,-21.276319139628,-15.7061522371412,-12.9253107870171,-10.0709559335129,-4.5740567742172,10000,0.999791331733151
"r_ID__I[ID_98,Intercept]",-7.61382879340856,0.0419217212604359,4.19217212604359,-15.7224544130517,-10.4042751797694,-7.60330426483079,-4.79173221679568,0.71332668882679,10000,1.00004271381448
"r_ID__I[ID_99,Intercept]",-13.9218712857887,0.0479672301191229,4.79672301191229,-23.2513072950625,-17.0869575812246,-13.92429158306,-10.7526668476339,-4.47946578119041,10000,0.999855751543329
"lp__",-3899.45960208743,1.2161334300017,34.1176190774621,-3966.83014018477,-3922.41707955637,-3898.85932378956,-3876.00108917384,-3833.90150906321,787.036689201989,1.0045028069572
